등록번호,사무소명,중개업자명,사무소전화번호,사무소주소,행정동
가-06-1315,한성부동산중개사무소,이향화,051-553-3300,부산광역시 동래구 충렬대로 318 A상가 102호(낙민동),수민동
가-06-1601,삼성부동산중개사무소,김희도,051-504-7757,부산광역시 동래구 여고로113번길 26 (사직동),사직제3동
가-06-1875,한주부동산중개사무소,김평남,051-529-3232,부산광역시 동래구 안락로 9 (안락동),안락제1동
가-06-1892,럭키3.1부동산중개사무소,정정숙,051-552-3131,"부산광역시 동래구 충렬대로107번길 54 상가동 1-1호(온천동,럭키아파트)",온천제2동
나-06-652,제일부동산중개사무소,손덕수,051-552-9001,부산광역시 동래구 차밭골로 9 102호(온천동),온천제1동
나-06-343,제일부동산중개사무소,송욱명,051-525-6812,부산광역시 동래구 반송로 287-8 (명장동),명장제2동
나-06-292,한라부동산중개사무소,장이수,051-521-0005,부산광역시 동래구 명안로 4 (안락동),안락제2동
가-06-4180,의령부동산중개사무소,김정애,051-502-4444,부산광역시 동래구 사직북로48번길 12 (사직동),사직제1동
가-06-2961,제일공인중개사사무소(합동),김태영,051-502-3377,"부산광역시 동래구 사직로 80 상가223동 B106호(사직동,사직쌍용예가)",사직제2동
가-06-2980,롯데공인중개사사무소,이경애,051-556-0245,"부산광역시 동래구 금강로 28 삼익상가 1-3호(온천동,온천삼익아파트)",온천제2동
가-06-3006,현대공인중개사사무소,고봉희,051-532-1140,부산광역시 동래구 삼어로 3-2 (안락동),안락제2동
가-06-3007,세화공인중개사사무소,윤영숙,051-558-5225,부산광역시 동래구 충렬대로202번길 9 (수안동),수민동
가-06-3019,대지공인중개사사무소,김옥준,051-556-5338,부산광역시 동래구 온천장로 104 (온천동),온천제1동
가-06-3028,e봄봄부동산중개사무소,박선우,051-521-0001,"부산광역시 동래구 명장로 65 상가1동 103호 (명장동, e편한세상 동래명장)",명장제1동
가-06-3049,사직하늘채리센티아매일부동산공인중개사사무소,진옥란,051-501-0552,부산광역시 동래구 아시아드대로195번길 59 1층(사직동),사직제1동
가-06-1578,석산공인중개사사무소,김태선,,부산광역시 동래구 우장춘로4번길 9 3층(온천동),온천제2동
가-06-3104,영남공인중개사사무소,이영옥,051-521-1032,부산광역시 동래구 충렬대로 391-1 1층(안락동),안락제1동
가-05-2139,팔팔공인중개사사무소,김광수,051-507-0404,부산광역시 동래구 아시아드대로 187 (사직동),사직제1동
가-06-3176,럭키공인중개사사무소,허정수,051-506-9696,"부산광역시 동래구 사직로 80 상가223동 B109호(사직동,사직쌍용예가)",사직제2동
가-06-3183,신현대공인중개사사무소,주수영,051-553-3450,부산광역시 동래구 석사북로 100 (온천동),온천제3동
가-06-3204,평화부동산공인중개사사무소,김귀덕,051-555-0937,부산광역시 동래구 금강로 68-1 1층(온천동),온천제1동
가-11-712,선재공인중개사사무소,신영수,051-553-8858,부산광역시 동래구 금강로 57-2 (온천동),온천제1동
가-06-3243,삼영공인중개사사무소,김삼녀,051-506-5311,"부산광역시 동래구 쇠미로129번길 86 A상가 103호(온천동,현대아파트)",온천제3동
가-06-3265,석탑공인중개사사무소,이동원,051-554-0780,부산광역시 동래구 동래로159번길 10-3 (복천동),복산동
가-06-3269,동양공인중개사사무소,박해민,051-554-5359,부산광역시 동래구 충렬대로137번길 27 (온천동),온천제2동
가-06-3289,안락부동산공인중개사사무소,김동녀,051-526-5122,부산광역시 동래구 명안로25번길 88 (안락동),안락제1동
가-06-3292,동원합동부동산중개사무소,홍찬억,051-526-8111,부산광역시 동래구 안연로 64 (안락동),안락제1동
가-06-3295,만세공인중개사사무소,강혜경,051-522-3777,"부산광역시 동래구 연안로 71 상가동 101호(안락동,안락뜨란채1단지아파트)",안락제2동
가-06-4284,벽산공인중개사사무소,신일국,051-557-0016,부산광역시 동래구 금강공원로 11 101호(온천동),온천제1동
가-06-3741,중앙부동산공인중개사사무소,이상제,051-529-0049,부산광역시 동래구 안남로 23 108호(낙민동),수민동
가-06-3321,동방부동산중개사무소,신미화,051-526-9980,"부산광역시 동래구 연안로 74 주상가동 108호(안락동,안락뜨란채2단지아파트)",안락제2동
가-06-3361,SK부동산중개사무소,박지학,051-557-3030,부산광역시 동래구 중앙대로1381번길 49 광명빌딩 1층(온천동),온천제2동
가-06-3363,대영공인중개사사무소,이영순,051-552-4994,부산광역시 동래구 동래로176번길 3 (칠산동),복산동
가-06-3370,삼정공인중개사사무소,고경숙,051-501-0093,"부산광역시 동래구 쇠미로 37 상가동 109호·113호 (사직동,삼정그린코아)",사직제2동
가-06-3381,성우공인중개사사무소,이영주,051-553-5524,부산광역시 동래구 복천로5번길 14 우성상가나동 102호(복천동),복산동
가-06-3394,성심공인중개사사무소,김경미,051-507-7388,부산광역시 동래구 아시아드대로 161 (사직동),사직제1동
가-06-3456,동래뷰부동산중개사무소,허숙향,051-558-8118,부산광역시 동래구 중앙대로1381번길 58 (온천동),온천제2동
가-06-3458,강변뜨란채부동산공인중개사사무소,송미영,051-528-3800,"부산광역시 동래구 안남로 79 분산상가동 104호(안락동,강변뜨란채)",안락제1동
가-06-3487,황소힐스테이트공인중개사사무소,이용수,051-506-1100,부산광역시 동래구 쇠미로 85-2 1층(사직동),사직제2동
가-06-3494,미래공인중개사사무소,김영희,051-558-5779,부산광역시 동래구 충렬대로218번길 51 (수안동),수민동
가-06-3554,만세공인중개사사무소,조선애,051-503-0090,부산광역시 동래구 사직로70번길 36 (사직동),사직제2동
가-06-3593,중앙공인중개사사무소,김유신,051-504-6777,부산광역시 동래구 사직북로 38 (사직동),사직제1동
가-06-3606,시티공인중개사사무소,권재홍,051-504-4959,부산광역시 동래구 사직북로63번길 7 (사직동),사직제2동
가-06-3640,협성부동산중개사무소,김은진,051-558-8242,"부산광역시 동래구 중앙대로1473번길 14-12 101호(온천동,협성스카이라인80)",온천제1동
가-06-3643,그랜드공인중개사사무소,장나경,051-504-0117,부산광역시 동래구 아시아드대로 251 (온천동),온천제3동
가-06-3646,부림공인중개사사무소,문유근,051-553-8949,부산광역시 동래구 명륜로 76 (수안동),수민동
가-06-3649,1번지공인중개사사무소,최외숙,051-501-1113,"부산광역시 동래구 사직로 80 상가223동 B108호(사직동,사직쌍용예가)",사직제2동
가-06-3664,프리존공인중개사사무소,김미향,051-558-8009,"부산광역시 동래구 온천장로 14 101호(온천동,프리존오피스텔)",온천제1동
가-06-3677,보람공인중개사사무소,정영순,051-507-8072,부산광역시 동래구 석사북로 55 (온천동),온천제3동
가-06-3678,신아공인중개사사무소,서명숙,051-525-7770,부산광역시 동래구 명장로 129 (안락동),안락제2동
가-06-3696,삼성복부동산공인중개사사무소,강문자,051-528-8889,부산광역시 동래구 명장로20번길 87 (명장동),명장제1동
가-06-3712,태림공인중개사사무소,윤명희,051-558-4612,"부산광역시 동래구 명륜로75번길 31 상가 라동 점포4호(수안동,새동래아파트)",수민동
가-06-3718,월드공인중개사사무소,하의헌,051-529-2300,"부산광역시 동래구 충렬대로 354 202호(안락동,동남빌딩)",안락제1동
가-06-3731,명운공인중개사사무소,이정분,051-523-9955,"부산광역시 동래구 안남로 79 주상가동 105호 (안락동, 강변뜨란채)",안락제1동
가-06-3756,제일공인중개사사무소,송정임,051-559-5757,부산광역시 동래구 중앙대로 1523 B1-07호(온천동),온천제1동
가-06-3766,은하수1공인중개사사무소,김은아,051-507-0234,"부산광역시 동래구 쇠미로60번길 53 1동 105호 (사직동,산용산호빌라)",사직제2동
가-06-3798,느낌공인중개사사무소,구채경,051-555-9115,"부산광역시 동래구 충렬대로107번길 54 24동 36호(온천동,럭키아파트)",온천제2동
가-06-3805,강남부동산중개사무소,변경숙,051-522-1110,부산광역시 동래구 반송로 212 (안락동),안락제2동
가-06-3815,한신공인중개사사무소,김유정,051-506-4500,부산광역시 동래구 사직북로47번길 4 1층(사직동),사직제2동
가-06-3842,SK공인중개사사무소,노금수,051-528-0002,"부산광역시 동래구 충렬대로 487 상가126동 104,105호(안락동,안락SK아파트)",안락제2동
가-06-3850,제일공인중개사사무소(합동),양정화,051-502-3377,"부산광역시 동래구 사직로 80 상가223동 B106호(사직동,사직쌍용예가)",사직제2동
가-06-3875,국제공인중개사사무소,안정선,051-529-7772,부산광역시 동래구 충렬사로 67 (명장동),명장제2동
가-06-3880,태인공인중개사사무소,강인수,051-503-2207,부산광역시 동래구 충렬대로148번길 24 (온천동),온천제3동
가-06-3885,예스공인중개사사무소,김재숙,051-502-6321,"부산광역시 동래구 사직로 80 상가223동 B105호(사직동,사직쌍용예가)",사직제2동
가-06-3889,조은공인중개사사무소,김기화,051-555-1340,부산광역시 동래구 금강로 160 (온천동),온천제1동
가-06-3893,왕공인중개사사무소,이명숙,051-504-3388,부산광역시 동래구 아시아드대로161번길 90 (사직동),사직제1동
가-06-3898,명륜파크공인중개사사무소,이성호,051-514-4000,"부산광역시 동래구 명륜로 170 201동 101호(명륜동,명륜아이파크1단지)",명륜동
가-06-3906,태양공인중개사사무소,장만수,051-554-0125,부산광역시 동래구 충렬대로 318 A상가 108호(낙민동),수민동
가-06-3913,박경희공인중개사사무소,박경희,051-502-8249,부산광역시 동래구 아시아드대로247번길 35-1 (온천동),온천제3동
가-06-3919,서원공인중개사사무소,민경인,051-522-1962,부산광역시 동래구 안락로 27 (안락동),안락제1동
가-06-3926,사직열린1공인중개사사무소,강혜숙,051-501-6886,부산광역시 동래구 사직북로63번길 31 (사직동),사직제2동
가-06-3936,세원공인중개사사무소,손희현,051-526-4800,부산광역시 동래구 반송로 241 (안락동),안락제1동
가-06-3950,사직쌍용공인중개사사무소,강영숙,051-502-0888,"부산광역시 동래구 사직로 80 상가223동 B102호(사직동,사직쌍용예가)",사직제2동
가-06-3986,허브공인중개사사무소,배인숙,051-555-3636,부산광역시 동래구 중앙대로1493번길 30 (온천동),온천제1동
가-06-3990,현대I`PARK공인중개사사무소,박동채,051-555-8900,"부산광역시 동래구 명륜로 170 상가205동 104호(명륜동,명륜아이파크1단지)",명륜동
가-06-4008,만세공인중개사사무소,황성석,051-556-9900,부산광역시 동래구 복천로5번길 14 우성상가 104호(복천동),복산동
가-06-4009,하이츠공인중개사사무소,이정희,051-556-2801,"부산광역시 동래구 문화로 33 210동 103호(명륜동,동래센트럴파크하이츠2차)",명륜동
가-06-4016,미래공인중개사사무소,이원경,051-503-6600,"부산광역시 동래구 사직로 80 223동 B111호(사직동, 사직 쌍용 예가)",사직제2동
가-06-4024,신원부동산공인중개사사무소,배수진,051-558-5555,부산광역시 동래구 충렬대로237번길 90 1층(복천동),복산동
가-06-4037,으뜸합동공인중개사사무소,김영미,051-504-4900,부산광역시 동래구 석사북로 100 1층(온천동),온천제3동
가-06-4043,NEW희망공인중개사사무소,강배석,051-507-4840,부산광역시 동래구 금강로 125 (온천동),온천제1동
가-06-4044,예가공인중개사사무소,박서영,051-506-4988,부산광역시 동래구 사직로70번길 36 (사직동),사직제2동
가-06-4045,쌍용공인중개사사무소,김영태,051-502-0888,"부산광역시 동래구 사직로 80 상가223동 B102호(사직동,사직쌍용예가)",사직제2동
가-06-4059,열린공인중개사사무소,정문량,051-556-0555,"부산광역시 동래구 명륜로75번길 31 상가나동 점포19호,20호(수안동,새동래아파트)",수민동
가-06-4061,금정부동산중개사무소,김권희,051-504-5580,부산광역시 동래구 여고북로 145 (온천동),온천제3동
가-06-4066,신영부동산공인중개사사무소,박영곤,051-557-8989,부산광역시 동래구 명륜로 173 1층 (명륜동),명륜동
가-06-4076,한샘공인중개사사무소,이인복,051-506-5880,"부산광역시 동래구 충렬대로272번길 23 상가103호(낙민동,광진빌리지)",수민동
가-06-4083,사직공인중개사사무소,성유정,051-501-8881,부산광역시 동래구 사직로70번길 76 (사직동),사직제2동
가-06-4129,세종공인중개사사무소,유서태,051-554-0114,부산광역시 동래구 충렬대로 239 104호 (수안동),수민동
가-06-4141,하나공인중개사사무소,이정미,051-502-0808,"부산광역시 동래구 사직로 80 상가223동 B104호(사직동,사직쌍용예가)",사직제2동
가-06-4144,스카이공인중개사사무소,강윤식,051-505-0008,"부산광역시 동래구 아시아드대로 234 오피스텔 110호(온천동,반도보라스카이뷰아파트)",온천제3동
가-06-4147,신우공인중개사사무소,김성석,051-552-7141,부산광역시 동래구 명륜로129번길 53 (명륜동),명륜동
가-06-4157,코오롱공인중개사사무소,최영실,051-501-5006,"부산광역시 동래구 아시아드대로195번길 66 101호(온천동, 온새미로)",온천제3동
가-06-4169,명품부동산공인중개사사무소,이경희,051-504-0077,부산광역시 동래구 사직북로 18 102호 (사직동),사직제1동
가-06-4173,신세계공인중개사사무소,이병우,051-525-1188,부산광역시 동래구 명륜로129번길 20 2층 (명륜동),명륜동
가-06-4177,114부동산중개사무소,조선이,051-504-8549,부산광역시 동래구 여고북로 20-2 (사직동),사직제3동
가-06-4197,뉴반도공인중개사사무소,이형숙,051-504-3500,"부산광역시 동래구 아시아드대로 234 오피스텔 109-1호(온천동,반도보라스카이뷰아파트)",온천제3동
가-06-4198,뉴럭키공인중개사사무소,안정숙,051-552-1114,"부산광역시 동래구 충렬대로107번길 54 24동 34호(온천동,럭키아파트)",온천제2동
가-06-4228,한빛공인중개사사무소,박봉옥,051-503-3800,부산광역시 동래구 사직북로 49 (사직동),사직제2동
가-06-4145,명문공인중개사사무소,박서연,051-558-2541,부산광역시 동래구 명륜로75번길 12 (수안동),수민동
가-06-4270,뉴대림부동산공인중개사사무소,권선숙,051-912-6000,부산광역시 동래구 명장로 56 1층 (명장동),명장제1동
가-06-4276,대길부동산공인중개사사무소,서민경,051-527-8949,"부산광역시 동래구 충렬대로 487 상가126동 103호(안락동,안락SK아파트)",안락제2동
가-06-4279,우리동네공인중개사사무소,이칠형,051-554-6170,부산광역시 동래구 동래로79번길 44 1층(명륜동),명륜동
가-06-4281,비젼부동산중개사무소,이영화,051-632-4989,부산광역시 동래구 금강로 80 (온천동),온천제1동
가-06-4286,대한공인중개사사무소,김현경,051-505-0345,부산광역시 동래구 아시아드대로 251 (온천동),온천제3동
가-06-4296,푸르지오114공인중개사사무소,우영애,051-526-2114,"부산광역시 동래구 안락로 60-3 덕경네오빌상가 B-106(안락동,덕경네오빌아파트)",안락제2동
가-06-4301,화랑부동산공인중개사사무소,강득만,051-554-0063,부산광역시 동래구 온천천로339번길 10 106동 102호 (낙민동),수민동
가-06-4308,대신공인중개사사무소,오탁현,051-555-3155,부산광역시 동래구 충렬대로181번길 9 2층 (명륜동),명륜동
가-06-4315,대경공인중개사사무소,이상훈,051-503-3002,부산광역시 동래구 석사북로 92 1층(온천동),온천제3동
가-06-4316,한양공인중개사사무소,이재환,051-558-3330,부산광역시 동래구 충렬대로 318 A상가 106호(낙민동),수민동
가-06-4326,우리공인중개사사무소,박이제,051-555-6700,"부산광역시 동래구 명륜로75번길 31 상가라동 점포26호(수안동,새동래아파트)",수민동
가-06-4340,고려공인중개사사무소,안경주,051-554-6668,"부산광역시 동래구 충렬대로107번길 54 24동 21호(온천동,럭키아파트)",온천제2동
가-06-4352,더샵정문부동산중개,문성식,,"부산광역시 동래구 온천장로 38 501동 101호(온천동, 동래더샵)",온천제1동
가-06-4355,명장부동산공인중개사사무소,장경원,051-332-7001,부산광역시 동래구 시실로 210 1층(명장동),명장제1동
가-06-4362,태양공인중개사사무소,김영부,051-555-8944,부산광역시 동래구 명륜로75번길 31 라동 점포15호(수안동),수민동
가-06-4367,캐슬부동산공인중개사사무소,안애리,051-504-0202,부산광역시 동래구 아시아드대로146번길 4 (사직동),사직제3동
가-06-4370,효성공인중개사사무소,이명숙,051-544-9000,"부산광역시 동래구 명륜로 170 203동 102-1호(명륜동, 명륜아이파크1단지)",명륜동
가-06-4374,봄봄부동산중개사무소,변재희,051-521-0001,"부산광역시 동래구 명장로 65 상가1동 103호 (명장동, e편한세상 동래명장)",명장제1동
가-06-4377,행운공인중개사사무소,조영득,051-558-8945,"부산광역시 동래구 수안로 31 가동 106호(수안동,이원아파트)",수민동
가-06-4389,명안공인중개사사무소,마동준,051-528-0149,부산광역시 동래구 안락로 45 (안락동),안락제1동
가-06-4390,예스공인중개사사무소,김종현,051-502-7787,부산광역시 동래구 아시아드대로 183 (사직동),사직제1동
가-06-4391,스마트부동산공인중개사사무소,정기호,051-504-6553,"부산광역시 동래구 사직북로 64 상가동 6호 (사직동, 사직KCC스위첸2단지)",사직제1동
가-06-4399,충렬공인중개사사무소,김호곤,051-526-0027,부산광역시 동래구 안락로 126 (안락동),안락제2동
가-06-4400,태양공인중개사사무소,김달순,051-526-8808,부산광역시 동래구 명서로 155 (명장동),명장제2동
가-06-4404,여원부동산공인중개사사무소,곽동영,051-557-0045,부산광역시 동래구 동래로 155 (복천동),복산동
가-06-4407,우리롯데공인중개사사무소,장세연,051-505-4949,부산광역시 동래구 아시아드대로 164 (사직동),사직제3동
가-06-4415,한빛부동산중개사무소,김영미,051-557-7731,"부산광역시 동래구 온천천로339번길 51 202동 26호(낙민동, 포레나 동래)",수민동
가-06-4418,이룸공인중개사사무소,김은화,051-717-3383,"부산광역시 동래구 아시아드대로161번길 20 101호(사직동,아이유빌)",사직제1동
가-06-4421,양지공인중개사사무소,김명희,051-507-8040,"부산광역시 동래구 쇠미로60번길 53 1동 107호 (사직동, 산용산호빌라)",사직제2동
가-06-4423,우주공인중개사사무소,반영기,051-504-1515,부산광역시 동래구 아시아드대로 161 (사직동),사직제1동
가-06-4428,행운공인중개사사무소,김환진,051-507-7383,부산광역시 동래구 아시아드대로231번길 31-3 (온천동),온천제3동
가-06-4430,억수부동산공인중개사사무소,오억수,051-583-6600,"부산광역시 동래구 온천천로339번길 28 107동 상가116호(낙민동,낙민동한일유앤아이아파트)",수민동
가-06-4431,사직공인중개사사무소,김경란,051-505-7133,부산광역시 동래구 여고북로 170 2층(사직동),사직제3동
가-06-4433,사직탑부동산공인중개사사무소,조민주,051-501-8400,부산광역시 동래구 아시아드대로161번길 81 2층(사직동),사직제1동
가-06-4440,우리부동산공인중개사사무소,이현숙,051-556-9991,"부산광역시 동래구 충렬대로107번길 65 316동 106호(온천동, 동래래미안아이파크)",온천제2동
가-06-4445,헤라부동산중개,조성진,051-503-0180,"부산광역시 동래구 충렬대로126번길 22 101호(온천동,하이클래스)",온천제3동
가-06-4454,시티합동부동산중개,이희자,051-502-6100,"부산광역시 동래구 중앙대로1307번길 28 101호(온천동,네스트파크)",온천제3동
가-06-4456,에이스공인중개사사무소,이정화,051-552-7800,"부산광역시 동래구 명륜로 170 상가202동 102호(명륜동, 명륜아이파크1단지)",명륜동
가-06-4458,가나공인중개사사무소,김석종,051-522-1588,부산광역시 동래구 명서로 182 상가8호동 107호(명장동),명장제2동
가-06-4465,현대파크공인중개사사무소,김정민,051-558-8100,"부산광역시 동래구 시실로 49 상가동(127동) B109호(명륜동, 명륜2차아이파크)",명륜동
가-06-4474,삼익공인중개사사무소,이영주,051-582-5000,부산광역시 동래구 금강로 28 점포동 1-1호(온천동),온천제2동
가-06-4488,황금탑공인중개사사무소,이귀자,051-552-4588,"부산광역시 동래구 충렬대로107번길 65 317동 109호(온천동, 동래래미안아이파크상가)",온천제2동
가-06-4520,미소부동산공인중개사사무소,방영경,051-524-4949,부산광역시 동래구 안남로31번길 6 (낙민동),수민동
가-06-4524,1번지공인중개사사무소,박시영,051-521-0011,"부산광역시 동래구 충렬대로 487 126동(상가) 107호(안락동,안락 SK아파트)",안락제2동
가-06-4532,스위첸부동산공인중개사사무소,김승혜,051-501-0052,부산광역시 동래구 사직북로 45 (사직동),사직제2동
가-06-4534,세진공인중개사사무소,성말순,051-504-1400,"부산광역시 동래구 충렬대로140번길 32 상가동 104호(온천동,동래대우아파트)",온천제3동
가-06-4536,시티1공인중개사사무소,김민서,051-503-4489,부산광역시 동래구 사직북로63번길 7 (사직동),사직제2동
가-06-4538,동명공인중개사사무소,이정대,070-8880-0092,부산광역시 동래구 금강로 107 603호(온천동),온천제1동
가-06-4539,태양공인중개사사무소,박원조,051-524-3350,"부산광역시 동래구 충렬사로 39 상가동 1층 103호(안락동, 동래화목타운)",안락제1동
가-06-4545,강남부동산공인중개사사무소,김미정,051-516-0050,부산광역시 동래구 문화로 5-2 (명륜동),명륜동
가-06-4550,센트럴부동산공인중개사사무소,박미경,051-553-0100,"부산광역시 동래구 금강로 63 105호 (온천동, 동래센트럴파크)",온천제1동
가-06-4556,KH공인중개사사무소,이상기,051-555-3370,"부산광역시 동래구 금강공원로 27 101호(온천동, KH마이우스)",온천제1동
26260-2015-00013,하나부동산공인중개사사무소,문우식,051-501-4900,부산광역시 동래구 아시아드대로134번길 62 47542-10호(사직동),사직제3동
26260-2015-00016,안심공인중개사사무소,전무석,051-525-0123,"부산광역시 동래구 명장로20번길 84 상가제2동 107호(명장동, 삼성타운)",명장제1동
26260-2015-00021,단지내한마음부동산공인중개사사무소,강주형,051-557-8640,"부산광역시 동래구 충렬대로107번길 65 316동 102호(온천동, 동래래미안아이파크)",온천제2동
26260-2015-00023,한마음부동산공인중개사사무소,조현대,051-553-0700,"부산광역시 동래구 충렬대로107번길 65 316동 102호(온천동, 동래래미안아이파크)",온천제2동
26260-2015-00025,한빛부동산공인중개사사무소,박기덕,051-582-5552,부산광역시 동래구 금강로 149 (온천동),온천제1동
26260-2015-00029,온천제성공인중개사사무소,성재구,051-552-3600,부산광역시 동래구 온천장로 9 (온천동),온천제1동
26260-2015-00030,쌍용천하부동산중개사무소,장지영,051-502-6613,부산광역시 동래구 아시아드대로 134 (사직동),사직제3동
26260-2015-00031,영산공인중개사사무소,전은주,051-523-1533,부산광역시 동래구 충렬사로 68 (명장동),명장제2동
26260-2015-00034,지성공인중개사사무소,주은진,051-503-3331,부산광역시 동래구 사직북로 59-2 1층(사직동),사직제2동
26260-2015-00046,동래래미안예일부동산중개사무소,황채연,051-555-0012,"부산광역시 동래구 충렬대로107번길 65 315동 110호(온천동, 동래래미안아이파크상가)",온천제2동
26260-2015-00059,나라부동산공인중개사사무소,강경순,051-523-2288,부산광역시 동래구 안남로 32 (낙민동),수민동
26260-2015-00065,금빛부동산공인중개사사무소,강승주,,"부산광역시 동래구 아시아드대로146번길 1 201동 105호 (사직동, 사직롯데캐슬더클래식)",사직제3동
26260-2015-00071,KCC우정공인중개사사무소,박노정,051-504-0055,부산광역시 동래구 사직북로 55 (사직동),사직제2동
26260-2015-00078,대우공인중개사사무소,이영희,051-555-3800,부산광역시 동래구 충렬대로202번길 15 (수안동),수민동
26260-2015-00084,장군공인중개사사무소,이병동,051-556-9114,부산광역시 동래구 충렬대로 318 124호(낙민동),수민동
26260-2015-00092,중앙공인중개사사무소,박유현,051-512-6767,"부산광역시 동래구 금강로131번길 42 2단지 A동 7호(온천동, 래미안포레스티지)",온천제1동
26260-2015-00104,쌍용탑공인중개사사무소,김봉선,051-502-8949,"부산광역시 동래구 사직로 80 222동  B205호(사직동, 사직쌍용예가)",사직제2동
26260-2015-00117,동래래미안아이파크공인중개사사무소,박성갑,051-553-2224,"부산광역시 동래구 충렬대로107번길 65 318동 106호(온천동, 동래래미안아이파크상가)",온천제2동
26260-2015-00204,본(本)공인중개사사무소,박가연,051-581-2888,부산광역시 동래구 충렬대로237번가길 47 (수안동),수민동
26260-2015-00125,ok부동산중개,김정자,051-553-8944,부산광역시 동래구 온천장로125번길 45 (온천동),온천제1동
26260-2015-00137,온천장부동산중개사무소,최경애,,"부산광역시 동래구 금강로131번길 42 2단지 A동 8호(온천동, 래미안포레스티지)",온천제1동
26260-2015-00139,신일공인중개사사무소,정지숙,051-504-6677,부산광역시 동래구 사직북로 61 1층(사직동),사직제2동
26260-2015-00144,경동부동산공인중개사사무소,최수정,051-531-8898,"부산광역시 동래구 충렬대로446번길 67 근린생활시설동 103호 (안락동, 안락경동리인아파트)",안락제2동
26260-2015-00155,토담공인중개사사무소,정지환,051-553-9900,부산광역시 동래구 명륜로94번길 8 (수안동),수민동
26260-2015-00167,1번가공인중개사사무소,홍운표,051-555-5521,"부산광역시 동래구 충렬대로256번가길 6-1 (낙민동, 주건축물제1동)",수민동
26260-2015-00178,노른자부동산공인중개사사무소,박은경,051-553-2600,부산광역시 동래구 금강로 29 (온천동),온천제2동
26260-2015-00180,흙공인중개사사무소,정해수,051-506-5007,부산광역시 동래구 안락로 93-1 (안락동),안락제2동
26260-2015-00195,스카이공인중개사사무소,조미옥,,"부산광역시 동래구 중앙대로 1523 상가1층 B1-05호(온천동, SK허브스카이)",온천제1동
26260-2015-00210,행복한부동산공인중개사사무소,곽순희,051-553-7111,부산광역시 동래구 중앙대로1381번길 55 1층(온천동),온천제2동
26260-2015-00211,새봄공인중개사사무소,이희은,051-759-3859,부산광역시 동래구 충렬대로271번길 57 (칠산동),복산동
26260-2015-00214,남경공인중개사사무소,서완숙,051-501-6838,부산광역시 동래구 여고북로 6-2 1층(사직동),사직제3동
26260-2015-00219,개미부동산공인중개사사무소,천경순,051-553-5513,"부산광역시 동래구 온천장로65번길 9 152호(온천동, 동래 3차 SK VIEW  단지내상가)",온천제1동
26260-2016-00003,e행복한공인중개사사무소,김영후,,부산광역시 동래구 서동중심로 9 2층 (명장동),명장제2동
26260-2016-00007,복있는부동산중개사무소,안영미,051-502-0009,부산광역시 동래구 사직로70번길 36 (사직동),사직제2동
26260-2016-00008,명륜자이부동산공인중개사사무소,최하영,051-554-5555,"부산광역시 동래구 명륜로139번길 22 110동 102호 (명륜동, 명륜자이)",명륜동
26260-2016-00009,으뜸공인중개사사무소,김성균,051-526-8626,부산광역시 동래구 충렬대로271번길 30-3 (칠산동),복산동
26260-2016-00016,희망공인중개사사무소,한광우,,부산광역시 동래구 명륜로75번길 31 나동 점포4호(수안동),수민동
26260-2016-00019,명품자이부동산공인중개사사무소,박귀훈,051-555-8949,부산광역시 동래구 명륜로 155 (명륜동),명륜동
26260-2016-00022,더베스트삼정공인중개사사무소,배도일,051-503-2779,"부산광역시 동래구 사직로 8 상가202동 102호 (사직동, 사직역삼정그린코아더베스트1차)",사직제1동
26260-2016-00023,복부동산공인중개사사무소,이진만,051-558-5533,부산광역시 동래구 온천장로 21 명륜역 대원칸타빌 103호(온천동),온천제1동
26260-2016-00024,탑공인중개사사무소,구춘근,051-555-0040,부산광역시 동래구 문화로 3 1층(명륜동),명륜동
26260-2016-00039,우리공인중개사사무소,변영숙,,부산광역시 동래구 명장로20번길 83 (명장동),명장제1동
26260-2016-00043,가람부동산공인중개사사무소,이제웅,051-503-4900,"부산광역시 동래구 충렬대로140번길 56 3동 상가 101호(온천동, 동영아파트)",온천제2동
26260-2016-00059,봄봄부동산중개사무소,박희선,051-555-5530,"부산광역시 동래구 시실로 49 상가127동 B104호(명륜동,명륜2차아이파크)",명륜동
26260-2016-00062,우리부동산공인중개사사무소,김말숙,,"부산광역시 동래구 온천천로339번길 28 107동 상가111호(낙민동, 낙민동한일유앤아이아파트 )",수민동
26260-2016-00064,부동산101공인중개사사무소,민금란,051-507-2252,부산광역시 동래구 사직북로63번길 7 (사직동),사직제2동
26260-2016-00065,호언공인중개사사무소,정호언,051-558-2626,부산광역시 동래구 충렬대로 260 2층 (낙민동),수민동
26260-2016-00074,리체부동산공인중개사사무소,이미주,051-554-2200,부산광역시 동래구 명륜로 188 (명륜동),명륜동
26260-2016-00082,창조공인중개사사무소,신정의,051-507-1534,부산광역시 동래구 명안로26번길 140-2 (안락동),안락제2동
26260-2016-00084,부경공인중개사사무소,이명성,051-581-6350,부산광역시 동래구 미남로116번길 67-1 (온천동),온천제3동
26260-2016-00088,롯데귀족부동산중개사무소,정성호,051-502-8999,"부산광역시 동래구 아시아드대로146번길 1 상가동 107호 (사직동, 사직롯데캐슬더클래식)",사직제3동
26260-2016-00092,금나라부동산공인중개사사무소,강경진,051-558-5566,부산광역시 동래구 온천장로125번길 73 (온천동),온천제1동
26260-2016-00095,SK공인중개사사무소,김순희,051-582-0051,"부산광역시 동래구 중앙대로 1523 ,A1-45호(온천동,SK허브스카이)",온천제1동
26260-2016-00113,청담부동산공인중개사사무소,김현숙,051-507-6333,부산광역시 동래구 금강로 166-1 1층(온천동),온천제1동
26260-2016-00115,행복공인중개사사무소,박영의,051-559-5858,"부산광역시 동래구 중앙대로 1523 B-11호(온천동, 에스케이허브스카이)",온천제1동
26260-2016-00120,복드림부동산공인중개사사무소,손연희,051-502-8000,"부산광역시 동래구 충렬대로107번길 65 318동 102호(온천동, 동래래미안아이파크)",온천제2동
26260-2016-00125,동일공인중개사사무소,홍용태,051-553-9700,부산광역시 동래구 충렬대로 268 (낙민동),수민동
26260-2016-00128,부영부동산중개사무소,김병윤,051-556-5200,부산광역시 동래구 온천장로 110 (온천동),온천제1동
26260-2016-00134,으뜸공인중개사사무소,길태은,051-504-4900,부산광역시 동래구 석사북로 100 (온천동),온천제3동
26260-2016-00135,감동부동산공인중개사사무소,강정화,051-558-2500,"부산광역시 동래구 시실로 49 상가127동 B102호(명륜동, 명륜2차아이파크아파트)",명륜동
26260-2016-00136,칠산부동산공인중개사사무소,양재관,051-558-0885,부산광역시 동래구 명륜로112번길 84 (수안동),수민동
26260-2016-00139,행복한부동산공인중개사사무소,이영희,051-507-0050,부산광역시 동래구 여고로113번길 78 (사직동),사직제3동
26260-2016-00152,금바치공인중개사사무소,차철호,051-977-8572,부산광역시 동래구 여고북로 125 (온천동),온천제3동
26260-2016-00164,제일공인중개사사무소,임영순,051-555-1155,"부산광역시 동래구 복천로5번길 34 상가동 102호 (복천동, 우성베스토피아)",복산동
26260-2016-00166,온누리공인중개사사무소,서계연,051-518-7992,부산광역시 동래구 금강로 119 (온천동),온천제1동
26260-2016-00174,해피부동산공인중개사사무소,이은진,051-554-4545,"부산광역시 동래구 명륜로139번길 22 110동 106호 (명륜동, 명륜자이)",명륜동
26260-2016-00176,행운부동산공인중개사사무소,조치훈,,부산광역시 동래구 여고북로 134 (사직동),사직제3동
26260-2024-00117,온천장래미안공인중개사사무소,남하나,051-515-0013,"부산광역시 동래구 금강로131번길 42 2단지 A동 8호(온천동, 래미안포레스티지)",온천제1동
가-06-4343,한솔부동산중개사무소,김호열,051-502-8893,부산광역시 동래구 아시아드대로220번길 50 (온천동),온천제3동
가-06-2081,갑부공인중개사사무소,박영국,051-556-7270,부산광역시 동래구 낙민로 11 101호(낙민동),수민동
가-06-2324,호성공인중개사사무소,김형암,051-523-3525,부산광역시 동래구 연안로51번길 77 (안락동),안락제2동
가-06-2585,태양공인중개사사무소,최복선,051-503-0120,"부산광역시 동래구 사직로 80 상가223동 B103호(사직동,사직쌍용예가)",사직제2동
가-06-2917,화신공인중개사사무소,이영자,051-556-7806,"부산광역시 동래구 쇠미로235번길 9 4동 103호(온천동,온천화신아파트)",온천제2동
가-06-2924,부경부동산중개사무소,서덕교,051-558-5233,"부산광역시 동래구 명륜로129번길 20 207호(명륜동,우성빌딩)",명륜동
가-06-2931,쌍용예가공인중개사사무소,김승연,051-501-4585,"부산광역시 동래구 사직로 80 상가223동 B107호 (사직동, 사직쌍용예가)",사직제2동
26260-2024-00111,두꺼비부동산공인중개사사무소,이경희,051-554-2892,부산광역시 동래구 명륜로112번길 86 1층(수안동),수민동
26260-2024-00112,더함부동산중개사무소,김종우,,부산광역시 동래구 온천장로119번길 58-19 1층(온천동),온천제1동
26260-2024-00113,모닝공인중개사사무소,조수진,051-555-5300,"부산광역시 동래구 시실로 49 상가동127동 비114호(명륜동, 명륜2차아이파크)",명륜동
26260-2024-00114,3.1공인중개사사무소,윤혜림,,"부산광역시 동래구 충렬대로107번길 54 상가 1호, 1-1호(온천동, 동래럭키아파트)",온천제2동
26260-2024-00115,효원부동산공인중개사사무소,조말순,051-553-1986,부산광역시 동래구 금강로 119 1층(온천동),온천제1동
26260-2024-00116,나우부동산공인중개사사무소,성해진,051-506-9991,"부산광역시 동래구 종합운동장로40번길 8 103동 108호(사직동, 부산아시아드코오롱하늘채)",사직제1동
가-14-374,으뜸공인중개사사무소,주양숙,051-524-0108,부산광역시 동래구 충렬대로459번길 38 (안락동),안락제2동
26260-2016-00198,사직열린공인중개사사무소,이지우,051-501-7780,부산광역시 동래구 사직북로63번길 31 (사직동),사직제2동
26260-2016-00202,개미공인중개사사무소,이영숙,051-507-1660,부산광역시 동래구 석사로18번길 3 1층(사직동),사직제1동
26260-2016-00204,채움공인중개사사무소,박신영,051-554-2049,부산광역시 동래구 명륜로217번길 4-4 (명륜동),명륜동
26260-2016-00217,강변부동산공인중개사사무소,전영도,051-521-8848,"부산광역시 동래구 안남로 79 주상가동 101호 (안락동, 강변뜨란채)",안락제1동
26260-2017-00001,알파공인중개사사무소,도기순,051-506-0040,부산광역시 동래구 아시아드대로 145 (사직동),사직제1동
26260-2017-00006,대원칸타빌공인중개사사무소,문다솔,051-558-4100,"부산광역시 동래구 온천장로 21 1층(온천동, 명륜역대원칸타빌)",온천제1동
26260-2017-00007,현대공인중개사사무소,정옥희,051-529-1400,부산광역시 동래구 반송로239번길 18 (안락동),안락제1동
26260-2017-00012,리체공인중개사사무소,최진성,051-554-2200,부산광역시 동래구 명륜로 188 (명륜동),명륜동
26260-2017-00016,뉴세종공인중개사사무소,최창남,051-557-0113,부산광역시 동래구 충렬대로 239 104호 (수안동),수민동
26260-2017-00017,사직SK부동산공인중개사사무소,강옥화,051-507-4988,부산광역시 동래구 사직북로 43 (사직동),사직제2동
26260-2017-00029,사직KCC공인중개사사무소,도갑임,051-504-1140,"부산광역시 동래구 사직북로 64 상가1단지동 1호 (사직동, 사직KCC스위첸)",사직제2동
26260-2017-00030,만복공인중개사사무소,이철호,051-525-5008,"부산광역시 동래구 삼어로 9 109동(상가동) 104호 (안락동, 현대아파트)",안락제2동
26260-2017-00033,양지공인중개사사무소,홍기수,051-556-2888,부산광역시 동래구 온천천로 77 (명륜동),명륜동
26260-2017-00035,부자되는공인중개사사무소,조여진,,부산광역시 동래구 금강공원로 37 1층 5호(온천동),온천제1동
26260-2017-00036,금나라부동산공인중개사사무소(합동),주미순,051-558-5566,부산광역시 동래구 온천장로125번길 73 (온천동),온천제1동
26260-2017-00041,래미안화성부동산공인중개사사무소,이정숙,051-555-0083,부산광역시 동래구 우장춘로4번길 38 1층(온천동),온천제2동
26260-2017-00051,청담부동산공인중개사사무소,정세원,051-553-9600,"부산광역시 동래구 충렬대로107번길 65 315동 109호(온천동, 동래래미안아이파크)",온천제2동
26260-2017-00056,래미안1번지부동산중개사무소,김수동,,부산광역시 동래구 금강로10번길 21 (온천동),온천제2동
26260-2017-00063,자이안트공인중개사사무소,윤태석,051-853-0006,부산광역시 동래구 아시아드대로 145 2층 (사직동),사직제1동
26260-2017-00065,국민부동산공인중개사사무소,이애상,051-506-8986,부산광역시 동래구 미남로 76 (온천동),온천제3동
26260-2017-00067,친절부동산공인중개사사무소,김현수,051-557-0043,"부산광역시 동래구 명륜로 170 202동 102호 (명륜동,명륜아이파크상가)",명륜동
26260-2017-00077,미래공인중개사사무소,차경아,,"부산광역시 동래구 동래로 117 상가 204동 104호 (복천동, 명륜아이파크 2단지)",복산동
26260-2017-00081,삼성래미안공인중개사사무소,김지영,051-555-0072,부산광역시 동래구 중앙대로1335번길 91 1층(온천동),온천제2동
26260-2017-00084,명가부동산중개사무소,위승호,051-554-7776,부산광역시 동래구 동래로 1 (온천동),온천제3동
26260-2017-00086,경동리인공인중개사사무소,이은겸,051-521-5775,"부산광역시 동래구 충렬대로446번길 67 근린생활시설동 103호 (안락동, 안락경동리인아파트)",안락제2동
26260-2017-00099,Rich공인중개사사무소,김대성,051-611-5610,부산광역시 동래구 명안로45번길 67-2 (안락동),안락제1동
26260-2017-00101,태림공인중개사사무소,문건아,,부산광역시 동래구 온천장로125번길 59 (온천동),온천제1동
26260-2017-00113,탑플러스공인중개사사무소,최지현,,부산광역시 동래구 문화로 3 (명륜동),명륜동
26260-2017-00119,부산공인중개사사무소,권창호,051-504-4545,부산광역시 동래구 미남로 77 (온천동),온천제3동
26260-2017-00127,예스부동산공인중개사사무소,김영숙,051-557-8004,"부산광역시 동래구 온천장로65번길 9 123호(온천동, 동래3차SKVIEW단지내상가)",온천제1동
26260-2017-00130,명륜부자공인중개사사무소,김명희,051-557-0049,"부산광역시 동래구 시실로 49 127동 비106호(명륜동,명륜2차아이파크)",명륜동
26260-2017-00132,쌍용공인중개사사무소,김도영,051-554-3000,부산광역시 동래구 명륜로187번길 42 (명륜동),명륜동
26260-2017-00142,황금알공인중개사사무소,임지선,051-522-0522,부산광역시 동래구 안락로125번가길 4-4 (안락동),안락제2동
26260-2017-00154,이편한지온부동산공인중개사사무소,배수진,,"부산광역시 동래구 아시아드대로 202 201동 10호(온천동, e편한세상동래아시아드)",온천제3동
26260-2017-00158,성지공인중개사사무소,이강록,051-529-7799,부산광역시 동래구 안락로 90-1 (안락동),안락제2동
26260-2017-00171,정직부동산공인중개사사무소,김미희,051-515-5567,부산광역시 동래구 중앙대로1267번길 85 (사직동),사직제3동
26260-2017-00170,유지에셋공인중개사사무소,박정빈,,부산광역시 동래구 온천천로 141 (명륜동),명륜동
26260-2017-00173,사직에이스부동산공인중개사사무소,문지연,051-505-1225,부산광역시 동래구 아시아드대로 145 (사직동),사직제1동
26260-2017-00179,동래아복드림부동산공인중개사사무소,고창숙,051-502-8000,"부산광역시 동래구 충렬대로107번길 65 318동 102호(온천동, 동래래미안아이파크)",온천제2동
26260-2017-00180,롯데1번지부동산공인중개사사무소,김희건,051-504-0012,부산광역시 동래구 아시아드대로146번길 4 (사직동),사직제3동
26260-2018-00003,오렌지복덕방공인중개사사무소,윤진목,051-523-7966,부산광역시 동래구 반송로 221 (안락동),안락제1동
26260-2018-00016,황금자이공인중개사사무소(합동),이정민,051-525-0025,부산광역시 동래구 명륜로112번길 74 (수안동),수민동
26260-2018-00019,수안롯데캐슬공인중개사사무소,성윤자,051-710-8484,부산광역시 동래구 온천천로337번길 64 (수안동),수민동
26260-2018-00020,강남공인중개사사무소,배정임,051-525-8900,부산광역시 동래구 시실로 119 301동 B108호(명장동),명장제2동
26260-2018-00025,삼성공인중개사사무소,안영란,051-501-9663,부산광역시 동래구 사직북로19번길 21-4 (사직동),사직제2동
26260-2018-00038,해광부동산공인중개사사무소,김종은,051-558-1133,부산광역시 동래구 명륜로 111 4층(명륜동),명륜동
26260-2018-00043,세원부동산중개사무소,김동욱,,부산광역시 동래구 시실로 36-2 1층(명륜동),명륜동
26260-2018-00046,다옴공인중개사사무소,이순금,051-522-6302,부산광역시 동래구 명안로9번길 4 (안락동),안락제1동
26260-2018-00047,수정부동산중개사무소,차순옥,051-552-0038,"부산광역시 동래구 시실로 49 상가동(127동) 비108호(명륜동, 명륜2차아이파트)",명륜동
26260-2018-00055,동래더샵부동산중개사무소,김연정,051-715-3004,부산광역시 동래구 온천장로 33 (온천동),온천제1동
26260-2018-00056,더샵동래부동산중개사무소,박지영,051-715-3034,부산광역시 동래구 온천장로 33 1층(온천동),온천제1동
26260-2018-00062,조은부동산공인중개사사무소,최미정,051-506-8548,부산광역시 동래구 여고로127번길 75 (사직동),사직제3동
26260-2018-00064,동래삼정공인중개사사무소,이정희,051-507-9507,부산광역시 동래구 쇠미로 152-1 1층(온천동),온천제3동
26260-2018-00066,SK허브공인중개사사무소,신영우,051-558-3838,"부산광역시 동래구 중앙대로 1523 A1-19호(온천동, SK HUB SKY)",온천제1동
26260-2018-00067,행복나무부동산중개,인태오,051-525-5494,부산광역시 동래구 명장로106번길 57 (명장동),명장제1동
26260-2018-00092,강변하나부동산공인중개사사무소,조수경,051-528-0008,"부산광역시 동래구 안남로 79 분산상가동 101호(안락동, 강변뜨란채)",안락제1동
26260-2018-00094,온천장부동산중개사무소(합동),이주홍,051-554-0555,"부산광역시 동래구 금강로131번길 42 2단지 A동 8호(온천동, 래미안포레스티지)",온천제1동
26260-2018-00099,세원공인중개사사무소,김성욱,,부산광역시 동래구 시실로 36-2 1층(명륜동),명륜동
26260-2018-00100,한진공인중개사사무소,홍창표,051-554-1003,"부산광역시 동래구 충렬대로200번길 25 109호(수안동, 한진타운상가)",수민동
26260-2018-00109,행운부동산공인중개사사무소,정재화,051-524-7750,부산광역시 동래구 반송로 216 (안락동),안락제1동
26260-2018-00114,온천비젼부동산공인중개사사무소,최옥순,051-556-6100,"부산광역시 동래구 충렬대로107번길 65 315동 106호(온천동, 동래래미안아이파크)",온천제2동
26260-2018-00115,동래OK공인중개사사무소,배준호,051-552-6636,부산광역시 동래구 금강로 88 (온천동),온천제1동
26260-2018-00121,토금공인중개사사무소,이미화,051-554-8930,부산광역시 동래구 온천장로119번길 51 1층(온천동),온천제1동
26260-2018-00132,사직제일공인중개사사무소,엄승운,051-503-3677,부산광역시 동래구 사직북로13번길 43 (사직동),사직제2동
26260-2018-00136,집사부동산공인중개사사무소,윤성규,051-503-0101,부산광역시 동래구 미남로116번길 88 (온천동),온천제3동
26260-2018-00141,우정부동산공인중개사사무소,김수홍,051-522-5700,"부산광역시 동래구 충렬사로 81 , 상가 101호 (명장동, 국제파크아파트)",명장제2동
26260-2019-00001,스마트공인중개사사무소,이종화,051-556-7989,부산광역시 동래구 명륜로112번길 32 2층 (수안동),수민동
26260-2019-00002,훼미리공인중개사사무소,김경희,051-528-8982,"부산광역시 동래구 연안로 71 상가동 107호(안락동, 안락뜨란채1단지)",안락제2동
26260-2019-00003,희망공인중개사사무소,이종인,051-554-2488,부산광역시 동래구 금강로 84-1 (온천동),온천제1동
26260-2019-00008,사직금빛부동산공인중개사사무소,고미정,051-501-8944,부산광역시 동래구 사직북로19번길 31 (사직동),사직제2동
26260-2019-00010,가인공인중개사사무소,옥동근,051-555-8488,부산광역시 동래구 온천장로 123 3층 (온천동),온천제1동
26260-2019-00014,뉴고우공인중개사사무소,김명주,051-927-0053,부산광역시 동래구 금강로62번길 12 3층(온천동),온천제1동
26260-2019-00015,금샘부동산공인중개사사무소,김도형,,부산광역시 동래구 미남로116번길 61 (온천동),온천제3동
26260-2019-00016,이음공인중개사사무소,송윤숙,051-525-0045,부산광역시 동래구 명장로 50 1층(명장동),명장제1동
26260-2019-00018,롯데클래식부동산중개사무소,김보경,051-505-8844,"부산광역시 동래구 아시아드대로146번길 1 201동 102호 (사직동, 사직롯데캐슬더클래식)",사직제3동
26260-2019-00020,썬공인중개사사무소,백혜영,051-526-8989,부산광역시 동래구 안남로 98 (안락동),안락제2동
26260-2019-00023,114단지내공인중개사사무소,이상준,,"부산광역시 동래구 충렬대로107번길 65 315동 104호(온천동, 동래래미안아이파크상가)",온천제2동
26260-2019-00024,예지공인중개사사무소,송지호,051-505-3999,부산광역시 동래구 아시아드대로 140 2층 (사직동),사직제3동
26260-2019-00030,올바른공인중개사사무소,손여진,051-554-9993,부산광역시 동래구 명륜로112번길 118 (칠산동),복산동
26260-2019-00032,우리자이공인중개사사무소,조윤영,051-553-1500,부산광역시 동래구 동래로 76 (명륜동),명륜동
26260-2019-00043,래미안공인중개사사무소,황종연,051-504-2000,부산광역시 동래구 충렬대로107번길 96 (온천동),온천제2동
26260-2019-00050,다온부동산중개사무소,박기덕,,부산광역시 동래구 명륜로112번길 118 (칠산동),복산동
26260-2019-00053,위드공인중개사사무소,서정한,,부산광역시 동래구 미남로 68 5층 (사직동),사직제3동
26260-2019-00054,열매부동산공인중개사사무소,이수민,051-555-3755,부산광역시 동래구 차밭골로20번길 31-1 (온천동),온천제1동
26260-2019-00064,이편한공인중개사사무소,김정례,051-503-8912,"부산광역시 동래구 아시아드대로208번길 9 102호 (온천동, 강남럭스빌)",온천제3동
26260-2019-00067,사직우리부동산공인중개사사무소,정은미,,"부산광역시 동래구 아시아드대로146번길 1 201동 108호(사직동, 사직롯데캐슬더클래식)",사직제3동
26260-2019-00073,우리공인중개사사무소,최대수,051-526-8907,"부산광역시 동래구 충렬대로428번길 49 105동 105호 (안락동, 동부산아이존빌아파트)",안락제2동
26260-2019-00077,명륜트라디움공인중개사사무소,심미정,,"부산광역시 동래구 명륜로 222 209동 A-305호(명륜동, 명륜동 힐스테이트)",명륜동
26260-2019-00080,하하팔팔공인중개사사무소,이상훈,051-867-9311,부산광역시 동래구 동래로 150 (복천동),복산동
26260-2019-00081,금성부동산중개,안범우,,부산광역시 동래구 중앙대로1367번길 18 3층 (온천동),온천제2동
26260-2019-00083,더봄공인중개사사무소,우희정,051-552-2001,부산광역시 동래구 온천천로339번길 27 (낙민동),수민동
26260-2019-00088,나무공인중개사사무소,김현성,051-502-4980,부산광역시 동래구 아시아드대로164번가길 18-1 2층 (사직동),사직제3동
26260-2019-00094,한반도부동산중개사무소,오영규,051-581-8202,부산광역시 동래구 금강로 166-1 3층 (온천동),온천제1동
26260-2019-00095,선부동산공인중개사사무소,한분애,051-916-5010,부산광역시 동래구 명안로85번길 29 (명장동),명장제1동
26260-2019-00096,희망부동산공인중개사사무소,김선연,051-529-9333,"부산광역시 동래구 명장로20번길 84 제102호(명장동, 삼성타운 상가3동)",명장제1동
26260-2019-00106,예스부동산중개사무소,박춘모,051-522-0049,"부산광역시 동래구 명장로 65 상가1동 109호 (명장동, e편한세상동래명장)",명장제1동
26260-2019-00109,삼보부동산공인중개사사무소,임재은,,부산광역시 동래구 명륜로129번나길 1 2층(명륜동),명륜동
26260-2019-00113,복덩이부동산공인중개사사무소,김경화,051-553-9181,부산광역시 동래구 금강로 161 1층(온천동),온천제1동
26260-2019-00114,온천삼정베스트공인중개사사무소,김세비,051-555-7007,"부산광역시 동래구 중앙대로1493번길 16 301동 101호 (온천동, 삼정그린코아더베스트)",온천제1동
26260-2019-00119,스위첸부동산공인중개사사무소,조경호,,부산광역시 동래구 연안로59번길 106 1층(안락동),안락제2동
26260-2019-00124,THE믿음공인중개사사무소,정홍주,051-502-0063,부산광역시 동래구 석사로18번길 16 2층(사직동),사직제1동
26260-2019-00133,동래래미안단지내공인중개사사무소,김현희,,"부산광역시 동래구 충렬대로107번길 65 315동 104호(온천동, 동래래미안아이파크)",온천제2동
26260-2019-00137,복사랑부동산공인중개사사무소,이현호,051-343-0450,부산광역시 동래구 금강로 101 (온천동),온천제1동
26260-2019-00145,부자부동산공인중개사사무소,이순호,051-507-8949,부산광역시 동래구 명륜로112번길 84 (수안동),수민동
26260-2019-00149,명륜힐스부동산중개사무소,유민철,051-917-2683,"부산광역시 동래구 명륜로 222 209동 A-105호 (명륜동, 힐스테이트)",명륜동
26260-2019-00150,온천탑공인중개사사무소,김영미,051-555-7006,"부산광역시 동래구 충렬대로107번길 65 315동 107호(온천동, 동래래미안아이파크상가)",온천제2동
26260-2019-00151,동래자이부동산중개사무소,최동수,051-552-4985,부산광역시 동래구 충렬대로271번길 33 (수안동),수민동
26260-2019-00152,우리한신공인중개사사무소,이영란,051-505-1777,"부산광역시 동래구 쇠미로81번길 33 상가동 104호(사직동, 한신아파트)",사직제2동
26260-2019-00153,사직아시아드쌍용공인중개사사무소,안성찬,,부산광역시 동래구 여고로25번길 25 (사직동),사직제3동
26260-2019-00154,금당공인중개사사무소,송호섭,,부산광역시 동래구 충렬대로 388-1 (안락동),안락제1동
26260-2019-00155,옥토공인중개사사무소,유윤주,,"부산광역시 동래구 온천천로337번길 47 104호(수안동, 금광타워빌)",수민동
26260-2019-00162,꿈있는공인중개사사무소,양진철,,부산광역시 동래구 충렬대로272번길 28 5층 (낙민동),수민동
26260-2019-00163,태경부동산공인중개사사무소,최계림,051-558-8949,부산광역시 동래구 중앙대로1367번길 78-3 (온천동),온천제2동
26260-2020-00004,드림공인중개사사무소,조점이,051-557-8945,"부산광역시 동래구 명륜로75번길 31 라동 10, 11호(수안동, 새동래아파트)",수민동
26260-2020-00005,행운공인중개사사무소,설인주,051-501-9339,부산광역시 동래구 사직로70번길 38 (사직동),사직제2동
26260-2020-00008,행복공인중개사사무소,임창욱,051-506-3339,"부산광역시 동래구 사직로 80 222동 B202호 (사직동, 사직쌍용예가)",사직제2동
26260-2020-00010,KCC스마트부동산공인중개사사무소,김미정,,"부산광역시 동래구 사직북로 64 상가2단지동 6호 (사직동, 사직KCC스위첸)",사직제2동
26260-2020-00013,국민공인중개사사무소,성미화,051-528-9810,부산광역시 동래구 안락로 43 (안락동),안락제1동
26260-2020-00014,유경부동산공인중개사사무소,이정원,051-521-7800,부산광역시 동래구 명안로 89 (명장동),명장제1동
26260-2020-00015,마루공인중개사사무소,오연아,051-552-8979,"부산광역시 동래구 중앙대로1473번길 13 103동 108호(온천동, 벽산아스타)",온천제1동
26260-2020-00020,미남부동산공인중개사사무소,정대구,051-501-3080,부산광역시 동래구 석사북로 100 (온천동),온천제3동
26260-2020-00024,영진부동산공인중개사사무소,안도영,051-558-0678,부산광역시 동래구 충렬대로376번길 5 101호(안락동),수민동
26260-2020-00025,국민부동산공인중개사사무소,허석영,051-504-9988,부산광역시 동래구 석사로18번길 3 (사직동),사직제1동
26260-2020-00027,래미안황금부동산공인중개사사무소,김정희,051-554-8985,부산광역시 동래구 금강로 132-1 (온천동),온천제1동
26260-2020-00029,노른자공인중개사사무소,백진숙,,부산광역시 동래구 아시아드대로184번길 41 101호 (사직동),사직제3동
26260-2020-00032,뜨란채공인중개사사무소,명수영,051-531-0003,"부산광역시 동래구 연안로 74 주상가동 107호(안락동, 안락뜨란채2단지)",안락제2동
26260-2020-00033,온천천공인중개사사무소,남필순,051-555-8289,부산광역시 동래구 수안로 33-4 (수안동),수민동
26260-2020-00035,금맥공인중개사사무소,이윤창,051-556-3331,부산광역시 동래구 충렬대로261번길 18 (낙민동),수민동
26260-2020-00036,꿈에그린공인중개사사무소,박지향,051-554-1009,부산광역시 동래구 온천천로339번길 25 (낙민동),수민동
26260-2020-00037,뉴꿈에그린공인중개사사무소,허정은,051-554-1009,부산광역시 동래구 온천천로339번길 25 (낙민동),수민동
26260-2020-00039,부자부동산중개사무소,문윤희,,"부산광역시 동래구 시실로 49 상가동(127동) 비106호(명륜동, 명륜2차아이파크)",명륜동
26260-2020-00044,미래부동산공인중개사사무소,위찬숙,051-557-3727,"부산광역시 동래구 금강로131번길 42 2단지B동 17호(온천동, 래미안포레스티지)",온천제1동
26260-2020-00045,중앙공인중개사사무소,서양화,051-521-2900,"부산광역시 동래구 연안로 71 상가동 101호 (안락동, 안락뜨란채1단지)",안락제2동
26260-2020-00050,윤성아세아공인중개사사무소,조성윤,051-868-0089,부산광역시 동래구 충렬대로 309 1층(안락동),안락제1동
26260-2020-00051,사직W부동산중개사무소,유상희,051-505-2000,부산광역시 동래구 미남로 47-3 (사직동),사직제3동
26260-2020-00052,돈되는부동산중개사무소,김채순,,부산광역시 동래구 충렬대로271번길 60 (칠산동),복산동
26260-2020-00053,더유림부동산공인중개사사무소,안진숙,051-915-1509,"부산광역시 동래구 중앙대로 1453 상가103호 (온천동, 유림노르웨이숲)",온천제1동
26260-2020-00054,우리래미안부동산중개사무소,안필남,051-993-2401,부산광역시 동래구 금강로 130 1층(온천동),온천제1동
26260-2020-00057,신황금공인중개사사무소,이소민,,부산광역시 동래구 온천장로 9 (온천동),온천제1동
26260-2020-00061,반도공인중개사사무소,성락화,051-512-9900,부산광역시 동래구 충렬대로238번가길 66 (수안동),수민동
26260-2020-00062,e편한동래아시아드공인중개사사무소,박지영,051-987-1002,"부산광역시 동래구 아시아드대로 202 상가동 104호(온천동, e편한세상동래아시아드)",온천제3동
26260-2020-00067,우정공인중개사사무소,김정화,051-504-0455,부산광역시 동래구 사직북로 55 (사직동),사직제2동
26260-2020-00070,금빛공인중개사사무소,황채하,051-501-2030,"부산광역시 동래구 아시아드대로146번길 1 201동 105호(사직동, 사직롯데캐슬더클래식)",사직제3동
26260-2020-00075,메리트공인중개사사무소,이성철,,부산광역시 동래구 반송로339번길 2 (명장동),명장제2동
26260-2020-00078,삼성명가부동산공인중개사사무소,조유열,051-555-9001,"부산광역시 동래구 충렬대로107번길 65 315동 108호(온천동, 동래래미안아이파크단지내상가)",온천제2동
26260-2020-00080,황금부동산공인중개사사무소,박태영,051-556-8889,부산광역시 동래구 동래로 170 1층(칠산동),복산동
26260-2020-00082,모아부동산공인중개사사무소,심해심,051-554-1600,"부산광역시 동래구 명륜로 151 106호(명륜동, 천일스카이원상가)",명륜동
26260-2020-00083,명륜힐스테이트공인중개사사무소,박상일,,"부산광역시 동래구 명륜로 222 209동 A-320호 (명륜동, 힐스테이트)",명륜동
26260-2020-00084,동래부동산중개사무소,신필영,051-554-1154,부산광역시 동래구 명륜로129번길 20 2층 (명륜동),명륜동
26260-2020-00087,뉴삼보부동산공인중개사사무소,김태건,051-557-2358,부산광역시 동래구 명륜로129번나길 1 2층 (명륜동),명륜동
26260-2020-00092,채움공인중개사사무소,조홍제,051-529-4989,부산광역시 동래구 명장로20번길 39 101호 (명장동),명장제1동
26260-2020-00093,하늘공인중개사사무소,김현주,051-556-4500,부산광역시 동래구 명륜로75번길 31 나동 점포3호(수안동),수민동
26260-2020-00094,탑그랑자이부동산중개,김태완,,부산광역시 동래구 동래로 172 (칠산동),복산동
26260-2020-00098,센텀마레공인중개사사무소,조재수,,"부산광역시 동래구 여고북로33번길 46 601호 (온천동, 반도빌라)",온천제3동
26260-2020-00100,미가부동산중개,조희정,,"부산광역시 동래구 사직북로48번길 77 402동 101호(사직동, 사직 하늘채 리센티아)",
26260-2020-00104,하나부동산공인중개사사무소,김미경,,부산광역시 동래구 충렬대로271번길 64 1층(칠산동),복산동
26260-2020-00106,에이스공인중개사사무소,염상희,,부산광역시 동래구 석사북로 86 (온천동),온천제3동
26260-2020-00109,미래공인중개사사무소,윤보혜,,부산광역시 동래구 충렬대로428번길 43 (안락동),안락제2동
26260-2020-00112,동래부동산중개사무소,서은경,,부산광역시 동래구 충렬대로 318 101호(낙민동),수민동
26260-2020-00202,NEW아세아공인중개사사무소,전우진,051-868-3835,부산광역시 동래구 충렬대로 309 1층(안락동),안락제1동
26260-2020-00204,금손부동산중개사사무소,황현숙,051-556-8777,부산광역시 동래구 명륜로 195-1 1층(명륜동),명륜동
26260-2020-00205,황금자이부동산공인중개사사무소,박성호,051-557-6600,부산광역시 동래구 명륜로112번길 74 1층(수안동),수민동
26260-2020-00206,세영부동산공인중개사사무소,안수창,051-554-8989,부산광역시 동래구 온천천로 77 2층(명륜동),명륜동
26260-2020-00207,아시아드코오롱하늘채부동산중개사무소,구미숙,,"부산광역시 동래구 종합운동장로40번길 8 103동 109호(사직동, 아시아드코오롱하늘채)",사직제1동
26260-2020-00211,동래수안자이부동산중개,김기석,,"부산광역시 동래구 충렬대로202번길 14 상가동 2호(수안동, 해바라기아파트)",수민동
26260-2020-00216,소망부동산중개사무소,이경숙,,"부산광역시 동래구 명륜로75번길 31 라동 10호, 11호(수안동, 새동래아파트)",수민동
26260-2020-00220,라온공인중개사사무소,이태자,,부산광역시 동래구 연안로59번길 30 1층(안락동),안락제2동
26260-2020-00228,탑힐스공인중개사사무소,김세종,051-558-7753,"부산광역시 동래구 명륜로 222 209동 A-313호(명륜동, 힐스테이트)",명륜동
26260-2020-00231,조은공인중개사사무소,송근영,051-555-5477,"부산광역시 동래구 충렬대로107번길 54 24동 36호(온천동, 럭키아파트)",온천제2동
26260-2020-00232,진성부동산중개사무소,서우형,051-502-4289,부산광역시 동래구 아시아드대로 192 1층(사직동),사직제3동
26260-2020-00234,은성공인중개사사무소,황선옥,051-555-4944,부산광역시 동래구 수안로8번길 35 E동 15호·17호(수안동),수민동
26260-2020-00236,코오롱봄봄공인중개사사무소,이수진,051-504-0080,"부산광역시 동래구 종합운동장로40번길 8 103동 107호(사직동, 아시아드코오롱하늘채상가)",사직제1동
26260-2020-00237,코오롱하늘채봄봄부동산공인중개사사무소,이정미,051-555-3666,"부산광역시 동래구 종합운동장로40번길 8 103동 107호(사직동, 아시아드코오롱하늘채상가)",사직제1동
26260-2020-00245,대한공인중개사사무소,박해림,051-521-8004,부산광역시 동래구 충렬사로 51-1 (안락동),안락제1동
26260-2020-00248,경동탑공인중개사사무소,이유진,051-527-7772,부산광역시 동래구 충렬대로446번길 72-1 (안락동),안락제2동
26260-2020-00249,동래황소부동산공인중개사사무소,박민화,,부산광역시 동래구 수안로8번길 35 D동 19호~22호(수안동),수민동
26260-2020-00253,선경부동산중개사무소,김선경,,부산광역시 동래구 동래로159번길 7 (복천동),복산동
26260-2020-00255,동센부동산공인중개사사무소,김봉수,051-545-9010,부산광역시 동래구 명륜로 208-1 1층(명륜동),명륜동
26260-2020-00260,드림힐스공인중개사사무소,박현지,051-916-1007,"부산광역시 동래구 명륜로 222 209동 A-305호(명륜동, 힐스테이트)",명륜동
26260-2020-00262,더키움부동산공인중개사사무소,박지영,051-504-8940,"부산광역시 동래구 온천천로 165 101동 214호(명륜동, 동래롯데캐슬퀸 근린생활시설동)",명륜동
26260-2021-00005,여명부동산공인중개사사무소,강봉중,051-508-0518,부산광역시 동래구 여고로 66 203호(사직동),사직제3동
26260-2021-00007,탑공인중개사사무소,서병화,,부산광역시 동래구 명장로22번길 50 (명장동),명장제1동
26260-2021-00011,하나공인중개사사무소,박소영,,"부산광역시 동래구 충렬대로 318 A상가 131호·132호(낙민동, 동래한양)",수민동
26260-2021-00016,대원부동산공인중개사사무소,오지현,051-502-1514,부산광역시 동래구 아시아드대로 258 3층(온천동),온천제3동
26260-2021-00022,성원공인중개사사무소,이헌호,,부산광역시 동래구 여고북로 70 1층,사직제3동
26260-2021-00032,동래SK스타공인중개사사무소,황은영,051-556-0777,부산광역시 동래구 차밭골로20번길 3 1층 (온천동),온천제1동
26260-2021-00034,대성부동산중개사무소,이란희,051-521-3445,부산광역시 동래구 명안로 24-1 (안락동),안락제2동
26260-2021-00036,황금맥부동산공인중개사사무소,박진연,051-557-0789,"부산광역시 동래구 수안로8번길 35 제디동호 내제27호,28호,29호,30호(수안동,수안시장)",수민동
26260-2021-00038,하이공인중개사사무소,김숙자,,"부산광역시 동래구 시실로 49 127동 B113호(명륜동, 명륜2차아이파크)",명륜동
26260-2021-00043,은하수공인중개사사무소,손영화,051-507-0234,"부산광역시 동래구 쇠미로60번길 53 1동 105호(사직동, 산용산호빌라)",사직제2동
26260-2021-00047,더원공인중개사사무소,이경태,051-523-6180,부산광역시 동래구 명안로86번길 38 (명장동),명장제1동
26260-2021-00049,토박이부동산공인중개사사무소,전찬호,051-522-1289,부산광역시 동래구 안남로 104 1층(안락동),안락제2동
26260-2021-00050,조은미소부동산공인중개사사무소,노은아,051-904-3456,부산광역시 동래구 여고로127번길 33-2 1층(사직동),사직제3동
26260-2021-00062,강남공인중개사사무소,구영완,,부산광역시 동래구 여고북로 28 (사직동),사직제3동
26260-2021-00067,사직조아부동산공인중개사사무소,이흔주,,"부산광역시 동래구 아시아드대로146번길 1 상가동 103호(사직동, 사직롯데캐슬더클래식201)",사직제3동
26260-2021-00068,대우부동산중개사무소,방현귀,,부산광역시 동래구 충렬대로140번길 24 (온천동),온천제3동
26260-2021-00069,다온부동산중개사무소,우명수,051-866-7537,"부산광역시 동래구 아시아드대로171번길 8 101호(사직동, 태건아시아드2차)",사직제1동
26260-2021-00071,장안부동산공인중개사사무소,곽유진,051-507-8576,부산광역시 동래구 여고북로123번길 28 (온천동),온천제3동
26260-2021-00072,온부동산공인중개사사무소,정진욱,051-553-9990,부산광역시 동래구 중앙대로1367번길 78 3층(온천동),온천제2동
26260-2021-00074,성공공인중개사사무소,정보성,051-553-3989,부산광역시 동래구 충렬대로218번길 57-2 (수안동),수민동
26260-2021-00077,진진공인중개사사무소,김병기,051-557-6100,"부산광역시 동래구 시실로 119 301동 B104호(명장동, 동래동일스위트)",명장제2동
26260-2021-00082,스마일부동산중개사무소,김철환,,부산광역시 동래구 안락로 64-2 1층(안락동),안락제1동
26260-2021-00083,대호부동산공인중개사사무소,김명순,,"부산광역시 동래구 반송로339번길 8 상가2동 103호(명장동, 협진태양아파트)",명장제2동
26260-2021-00183,KD공인중개사사무소,김경도,051-505-7273,"부산광역시 동래구 사직북로33번길 31 55206-52호(사직동, 시장)",사직제2동
26260-2021-00091,굿모닝부동산공인중개사사무소,조슬기,051-556-5489,"부산광역시 동래구 안남로 79 104호(안락동, 강변뜨란채 주상가동)",안락제1동
26260-2021-00098,명륜역쑥부동산중개사무소,김상숙,,부산광역시 동래구 온천천로 73 (명륜동),명륜동
26260-2021-00103,조은부동산공인중개사사무소,이정미,051-506-4009,부산광역시 동래구 석사북로 96 1층(온천동),온천제3동
26260-2021-00105,고우공인중개사사무소,유진,051-927-8949,부산광역시 동래구 금강로62번길 12 3층(온천동),온천제1동
26260-2021-00106,우리부동산공인중개사사무소,김명수,,부산광역시 동래구 아시아드대로181번길 30 1층(사직동),사직제1동
26260-2021-00107,대박공인중개사사무소,김일진,051-506-1189,부산광역시 동래구 충렬대로108번길 10 1층(온천동),온천제3동
26260-2021-00108,가온부동산공인중개사사무소,도갑연,051-504-1253,"부산광역시 동래구 아시아드대로134번길 14 104호(사직동, 쌍용더플래티넘사직아시아드아파트 근생-1)",사직제3동
26260-2021-00109,금별부동산공인중개사사무소,곽규민,051-502-4889,"부산광역시 동래구 충렬대로140번길 56 106호(온천동, 동영아파트3동 상가)",온천제3동
26260-2021-00110,신동아공인중개사사무소,최범락,,부산광역시 동래구 명안로85번길 45 (명장동),명장제1동
26260-2021-00111,정직한부동산공인중개사사무소,송영현,051-522-1789,부산광역시 동래구 안락로 13 3층(안락동),안락제1동
26260-2021-00113,현대래미안아이파크부동산중개,최혜경,051-507-2533,"부산광역시 동래구 충렬대로107번길 65 317동 103호(온천동, 동래래미안아이파크상가)",온천제2동
26260-2021-00114,동래아부동산공인중개사사무소,이선미,,부산광역시 동래구 중앙대로1367번길 78-3 1층(온천동),온천제2동
26260-2021-00115,다온부동산공인중개사사무소,박리라,,부산광역시 동래구 명안로 89 1층(명장동),명장제1동
26260-2021-00116,대동부동산중개사무소,김종택,051-502-1339,부산광역시 동래구 아시아드대로 172-9 1층(사직동),사직제3동
26260-2021-00117,부경부동산중개사무소,예우성,,부산광역시 동래구 시실로 173-1 (명장동),명장제2동
26260-2021-00118,다산공인중개사사무소,임희경,051-557-0773,부산광역시 동래구 동래로 180-1 1층(칠산동),복산동
26260-2021-00120,대길공인중개사사무소,유현수,,부산광역시 동래구 금강공원로 19 1층(온천동),온천제1동
26260-2021-00121,골드공인중개사사무소,하성규,,부산광역시 동래구 연안로51번길 30 1층(안락동),안락제2동
26260-2021-00122,SK일등공인중개사사무소,정하윤,051-553-1007,"부산광역시 동래구 온천장로65번길 9 122호(온천동, 동래3차SKVIEW 아파트상가)",온천제1동
26260-2021-00123,대복공인중개사사무소,김훈태,051-553-1007,"부산광역시 동래구 온천장로65번길 9 122호(온천동, 동래3차 SK VIEW 상가)",온천제1동
26260-2021-00129,포레나부동산중개사무소,손은경,051-552-4488,"부산광역시 동래구 온천천로339번길 51 202동 15호(낙민동, 포레나 동래)",수민동
26260-2021-00130,롯데더바른부동산중개사무소,김강훈,051-521-0331,"부산광역시 동래구 충렬대로 368 상가동 103호(안락동, 롯데캐슬애브뉴)",안락제1동
26260-2021-00133,보덕부동산중개사무소,정준우,,부산광역시 동래구 차밭골로20번길 43 1층(온천동),온천제1동
26260-2021-00135,탑공인중개사사무소,박문필,051-552-8000,"부산광역시 동래구 연안로 71 상가동 104호(안락동,안락뜨란채1단지아파트)",안락제2동
26260-2021-00136,조은기운부동산중개사무소,김수안,051-558-0010,부산광역시 동래구 명륜로 47 1층(수안동),수민동
26260-2021-00138,소문난동래래미안공인중개사사무소,성정희,051-715-8909,"부산광역시 동래구 충렬대로107번길 65 317동 111호(온천동, 동래래미안아이파크상가)",온천제2동
26260-2021-00139,금샘공인중개사사무소,고은희,,"부산광역시 동래구 사직북로 64 상가2단지동 5호(사직동,사직KCC스위첸2단지)",사직제2동
26260-2021-00140,씨스타부동산공인중개사사무소,엄보람,051-557-1118,부산광역시 동래구 충렬대로95번길 8 1층(온천동),온천제2동
26260-2021-00141,장수아스타공인중개사사무소,이경선,051-552-0072,"부산광역시 동래구 중앙대로1473번길 13 103동 115호(온천동, 벽산아스타)",온천제1동
26260-2021-00147,금문부동산중개,박동건,051-710-8803,부산광역시 동래구 중앙대로 1327 3층(온천동),온천제2동
26260-2021-00158,래미안미래공인중개사사무소,김정희,,"부산광역시 동래구 금강로131번길 42 2단지B동 17호(온천동, 래미안포레스티지)",온천제1동
26260-2021-00160,벽산아스타부동산공인중개사사무소,이송은,051-553-5530,"부산광역시 동래구 중앙대로1473번길 13 103동 101호(온천동, 벽산아스타)",온천제1동
26260-2021-00161,THE1등부동산공인중개사사무소,박시영,051-925-1113,부산광역시 동래구 명륜로 206-1 1층(명륜동),명륜동
26260-2021-00162,1등부동산공인중개사사무소,고가형,051-925-1113,부산광역시 동래구 명륜로 206-1 1층(명륜동),명륜동
26260-2021-00163,거산공인중개사사무소,김민정,,부산광역시 동래구 시실로 48 1층(명륜동),명륜동
26260-2021-00165,행운부동산공인중개사사무소,안현숙,051-866-8664,부산광역시 동래구 아시아드대로195번길 6 (온천동),온천제3동
26260-2021-00166,대신부동산중개사무소,김인석,,부산광역시 동래구 차밭골로21번길 42-5 3층(온천동),온천제1동
26260-2021-00168,대박공인중개사사무소,박미소,051-544-9000,"부산광역시 동래구 명륜로 170 203동 102호(명륜동, 명륜아이파크1단지상가)",명륜동
26260-2021-00171,미래공인중개사사무소,권선자,,"부산광역시 동래구 충렬대로140번길 41 상가동 103호(온천동, 동래대우아파트)",온천제3동
26260-2021-00172,금조부동산공인중개사사무소,윤금조,051-913-2080,"부산광역시 동래구 명륜로 222 209동 A-318호(명륜동, 명륜힐스테이트상가)",명륜동
26260-2021-00174,친절부동산공인중개사사무소,박미옥,051-555-9333,"부산광역시 동래구 온천장로65번길 9 , 140호(온천동, 동래 3차 SK VIEW 상가)",온천제1동
26260-2021-00175,더친절부동산공인중개사사무소,정승호,051-555-9333,"부산광역시 동래구 온천장로65번길 9 140호(온천동, 동래 3차 SK VIEW 상가)",온천제1동
26260-2021-00176,화목공인중개사사무소,이선미,,"부산광역시 동래구 충렬사로 39 229호, 230호(안락동, 동래화목타운상가)",안락제1동
26260-2021-00181,사직소향부동산공인중개사사무소,송주연,051-505-1114,"부산광역시 동래구 사직북로19번길 41 가동 105호(사직동, 대성)",사직제2동
26260-2022-00001,조은제이공인중개사사무소,송은정,,"부산광역시 동래구 충렬대로107번길 65 315동 103호(온천동, 동래래미안아이파크)",온천제2동
26260-2022-00006,주연공인중개사사무소,조신제,,부산광역시 동래구 여고로113번길 26 1층(사직동),사직제3동
26260-2022-00010,동래래미안소문난부동산중개사무소,성원준,051-715-8909,"부산광역시 동래구 충렬대로107번길 65 317동 111호(온천동, 동래래미안아이파크상가)",온천제2동
26260-2022-00011,제이부동산공인중개사사무소,정주완,,"부산광역시 동래구 충렬대로107번길 65 315동 103호(온천동, 동래래미안아이파크상가)",온천제2동
26260-2022-00013,우리동래공인중개사사무소,조희영,051-555-0060,"부산광역시 동래구 충렬대로107번길 65 315동 111호(온천동, 동래래미안아이파크상가)",온천제2동
26260-2022-00014,SK탑부동산공인중개사사무소,이경란,051-555-2030,"부산광역시 동래구 온천장로65번길 9 근린생활시설동, 109호(온천동, 동래3차SKVIEW)",온천제1동
26260-2022-00015,삼정그린코아부동산공인중개사사무소,이경근,051-556-4080,"부산광역시 동래구 중앙대로1473번길 24 113호(온천동, 온천장역삼정그린코아더시티)",온천제1동
26260-2022-00022,프라임부동산공인중개사사무소,최무상,051-554-0992,부산광역시 동래구 명륜로98번길 10 2층(수안동),수민동
26260-2022-00024,부산대운부동산공인중개사사무소,최모건,,부산광역시 동래구 명륜로94번길 43-1 (명륜동),명륜동
26260-2022-00025,대운부동산공인중개사사무소,석지아,,부산광역시 동래구 명륜로94번길 43-1 명륜동,명륜동
26260-2022-00027,SK삼정부동산공인중개사사무소,이미영,051-555-4700,"부산광역시 동래구 중앙대로1493번길 16 301동(상가동) 102(온천동, 삼정그린코아더베스트)",온천제1동
26260-2022-00029,동아공인중개사사무소,김태은,,부산광역시 동래구 금강로 150 1층(온천동),온천제1동
26260-2022-00031,사직플래티넘공인중개사사무소,권은선,051-501-5111,"부산광역시 동래구 아시아드대로134번길 14 근생3동 108호(사직동, 쌍용더플래티넘사직아시아드아파트)",사직제3동
26260-2022-00032,더동래삼정공인중개사사무소,이기현,051-501-4969,부산광역시 동래구 쇠미로 152-1 1층,온천제3동
26260-2022-00033,동방IPARK공인중개사사무소,최금란,,"부산광역시 동래구 명륜로 170 205동 102호(명륜동, 명륜아이파크1단지)",명륜동
26260-2022-00035,부동산ZIP공인중개사사무소,김선효,,부산광역시 동래구 안락로 64-2 1층(안락동),안락제1동
26260-2022-00040,강남공인중개사사무소,이보섭,,부산광역시 동래구 우장춘로4번길 25 1층(온천동),온천제2동
26260-2022-00041,거인부동산중개사무소,오전귀,051-507-8442,부산광역시 동래구 석사로34번길 3 1층(사직동),사직제1동
26260-2022-00044,해림공인중개사사무소,조영난,051-634-5354,부산광역시 동래구 동래로57번길 44 2층 201호(명륜동),명륜동
26260-2022-00045,대원하나부동산공인중개사사무소,이병석,051-503-0008,"부산광역시 동래구 온천장로65번길 9 127호(온천동, 동래3차SKVIEW단지내상가)",온천제1동
26260-2022-00050,삼정포레스트부동산공인중개사사무소,최경렬,051-710-6688,"부산광역시 동래구 쇠미로 153 107동 711호(온천동, 동래삼정그린코아포레스트)",온천제3동
26260-2022-00053,지성KCC공인중개사사무소,유미란,,부산광역시 동래구 사직북로 59-2 1층(사직동),사직제2동
26260-2022-00057,효성공인중개사사무소,이정숙,,부산광역시 동래구 아시아드대로255번길 15 102호(온천동),온천제3동
26260-2022-00059,엽상가부동산중개사무소,지승엽,051-557-2003,부산광역시 동래구 온천천로 71-1 3층(명륜동),명륜동
26260-2022-00060,온누리부동산중개,박유선,051-723-9600,부산광역시 동래구 명륜로236번길 5-7 1층(명륜동),명륜동
26260-2022-00061,드림부동산공인중개사사무소,정민호,051-527-0079,부산광역시 동래구 서동중심로 8 1층(명장동),명장제2동
26260-2022-00062,똑똑부동산공인중개사사무소,조정임,051-963-8232,부산광역시 동래구 충렬대로255번길 37 1층(수안동),수민동
26260-2022-00063,중앙공인중개사사무소,지수진,,"부산광역시 동래구 금강로 28 점포동 1-1호(삼익아파트, 온천동)",온천제2동
26260-2022-00064,삼성부동산중개컨설팅,김백수,,부산광역시 동래구 충렬대로202번가길 3 407호(수안동),수민동
26260-2022-00065,오직부동산공인중개사사무소,박기화,051-526-5557,"부산광역시 동래구 안남로 79 주상가 103호(안락동, 강변뜨란채)",안락제1동
26260-2022-00066,윤이네부자부동산공인중개사사무소,박은실,051-506-1259,"부산광역시 동래구 아시아드대로134번길 14 근생3동 104호(사직동, 쌍용더플래티넘사직아시아드)",사직제3동
26260-2022-00067,래미안팔팔공인중개사사무소,방웅기,051-553-8888,부산광역시 동래구 금강공원로 43 1층(온천동),온천제1동
26260-2022-00068,신모든래미안부동산공인중개사사무소,신금자,,"부산광역시 동래구 금정마을로 147 115동 105호(온천동, 동래래미안아이파크단지내상가)",온천제2동
26260-2022-00069,공인중개사사무소세종,주지훈,,부산광역시 동래구 명륜로94번길 53 2층(복천동),복산동
26260-2022-00073,강남부동산공인중개사사무소,서홍윤,051-557-4949,"부산광역시 동래구 충렬대로271번길 25 102호(수안동, 홍림스카이빌)",수민동
26260-2022-00075,정은부동산공인중개사사무소,박정은,051-507-2300,"부산광역시 동래구 아시아드대로134번길 14 근생-1동 105호(사직동, 쌍용더플래티넘사직아시아드)",사직제3동
26260-2022-00077,명당부동산공인중개사사무소,윤나영,051-526-1117,"부산광역시 동래구 반송로273번길 7 104호(명장동, 명선하이츠)",명장제2동
26260-2022-00080,프로공인중개사사무소,구태현,051-555-5506,"부산광역시 동래구 온천장로65번길 9 상가동 142호(온천동, 동래3차SKVIEW)",온천제1동
26260-2022-00081,뉴삼성명가공인중개사사무소,강석봉,,"부산광역시 동래구 충렬대로107번길 65 315동 108호(온천동, 동래래미안아이파크단지내상가)",온천제2동
26260-2022-00082,사직JK공인중개사사무소,정유임,051-502-0010,부산광역시 동래구 아시아드대로 146 1충(사직동),사직제3동
26260-2022-00083,JK공인중개사사무소,김덕예,051-502-0010,부산광역시 동래구 아시아드대로 146 1층(사직동),사직제3동
26260-2022-00084,힐스에비뉴공인중개사사무소,김민선,,"부산광역시 동래구 동래로57번길 94 B동 103호(명륜동, 힐스테이트명륜트라디움상가)",명륜동
26260-2022-00085,온천장명품부동산공인중개사사무소,윤은영,051-557-3658,부산광역시 동래구 온천장로125번길 65 1층(온천동),온천제1동
26260-2022-00086,더샵제일공인중개사사무소,김도연,051-552-2007,"부산광역시 동래구 온천장로 38 501동 109호(온천동, 더샵동래)",온천제1동
26260-2022-00088,온천SK부동산공인중개사사무소,최경미,,"부산광역시 동래구 온천장로65번길 9 근린생활시설동 102호(온천동, 동래3차SKVIEW)",온천제1동
26260-2022-00089,온천SK공인중개사사무소,최수영,051-582-4500,"부산광역시 동래구 온천장로65번길 9 근린생활시설동 102호(온천동, 동래3차SKVIEW)",온천제1동
26260-2022-00090,유앤아이부동산공인중개사사무소,전현지,,"부산광역시 동래구 온천천로339번길 28 107동 상가112호(낙민동, 낙민동한일유앤아이아파트)",수민동
26260-2022-00091,언니네복덕방공인중개사사무소,양수진,,부산광역시 동래구 여고북로 234 1층(사직동),사직제3동
26260-2022-00094,예담공인중개사사무소,송민오,051-714-2344,부산광역시 동래구 동래로 7 3층(온천동),온천제1동
26260-2022-00095,조은한양공인중개사사무소,신진영,051-543-5949,"부산광역시 동래구 충렬대로 318 A동 105호(낙민동, 한양아파트상가)",수민동
26260-2022-00096,스마트공인중개사사무소,김은혜,,부산광역시 동래구 안연로 56 1층(안락동),안락제1동
26260-2022-00098,대경공인중개사사무소,손윤영,051-558-0038,부산광역시 동래구 차밭골로 24 101호(온천동),온천제1동
26260-2022-00100,베가토부동산중개소,박민우,,부산광역시 동래구 미남로102번길 29 1층(온천동),온천제3동
26260-2022-00101,돼지공인중개사사무소,박영이,051-552-4080,부산광역시 동래구 충렬대로255번길 37 1층(수안동),수민동
26260-2022-00102,골드부동산공인중개사사무소,조유진,,"부산광역시 동래구 사직북로 64 상가2단지동 7호(사직동, 사직KCC스위첸)",사직제2동
26260-2022-00103,토마토공인중개사사무소,이성근,,부산광역시 동래구 반송로 274-1 3층(명장동),명장제1동
26260-2022-00104,미소공인중개사사무소,임영희,051-557-7887,부산광역시 동래구 충렬대로218번길 26 1층(수안동),수민동
26260-2022-00105,명장스마일부동산중개사무소,김혜미,051-506-0011,부산광역시 동래구 안락로 64-2 1층(안락동),안락제1동
26260-2022-00106,유나공인중개사사무소,박정윤,,부산광역시 동래구 명륜로 130-1 9층 5호(명륜동),명륜동
26260-2022-00107,효성해링턴부동산공인중개사사무소,김수미,051-502-4599,부산광역시 동래구 석사북로97번길 30 1층(온천동),온천제3동
26260-2022-00108,세정공인중개사사무소,조지은,051-527-8899,부산광역시 동래구 시실로 213 1층(명장동),명장제2동
26260-2022-00109,부자공인중개사사무소,양진우,,부산광역시 동래구 수안로 33-4 1층(수안동),수민동
26260-2022-00110,하나부동산중개사무소,강정호,,"부산광역시 동래구 아시아드대로255번길 14 105동 102호(온천동, 동래효성해링턴플레이스)",온천제3동
26260-2022-00112,성우자이공인중개사사무소,박선주,,부산광역시 동래구 충렬대로271번길 18 2층(칠산동),복산동
26260-2022-00113,베스트공인중개사사무소,권경희,051-505-4585,부산광역시 동래구 석사로 46 1층(사직동),사직제1동
26260-2022-00114,오렌지공인중개사사무소,김민준,,부산광역시 동래구 반송로 221 1층(안락동),안락제1동
26260-2022-00115,대박공인중개사사무소,송혜정,051-555-2828,부산광역시 동래구 금강로 144 1층(온천동),온천제1동
26260-2022-00116,이룸부동산공인중개사사무소,김현석,051-553-4989,"부산광역시 동래구 명륜로139번길 22 110동 105호(명륜동, 명륜자이)",명륜동
26260-2023-00002,명진공인중개사사무소,최기종,051-502-8989,부산광역시 동래구 아시아드대로 147 2층(사직동),사직제1동
26260-2023-00003,원공인중개사사무소,류용연,051-556-0061,부산광역시 동래구 명륜로112번길 120 1층(칠산동),복산동
26260-2023-00005,제일더샵공인중개사사무소,윤언실,,부산광역시 동래구 차밭골로 9 102호(온천동),온천제1동
26260-2023-00006,금손래미안공인중개사사무소,석지현,051-558-1333,부산광역시 동래구 금강로 151 1층(온천동),온천제1동
26260-2023-00008,태일공인중개사사무소,서선연,051-853-8984,부산광역시 동래구 명안로 89 1층(명장동),명장제1동
26260-2023-00010,탄탄부동산공인중개사사무소,반성윤,,"부산광역시 동래구 아시아드대로134번길 14 근생-3동 102호(사직동, 쌍용더플래티넘사직아시아드아파트)",사직제3동
26260-2023-00011,최강공인중개사사무소,최영준,051-502-2177,"부산광역시 동래구 충렬대로100번길 109 102동 1호(온천동, 대가하이츠)",온천제3동
26260-2023-00012,금손부동산공인중개사사무소,조순선,,부산광역시 동래구 충렬대로108번길 58 1층(온천동),온천제3동
26260-2023-00015,동래the토마토공인중개사사무소,한윤주,051-525-7311,부산광역시 동래구 반송로 274-1 3층(명장동),명장제1동
26260-2023-00019,창공공인중개사사무소,박두영,,부산광역시 동래구 사직북로 4 701호(사직동),사직제1동
26260-2023-00023,안락스마일부동산중개사무소,김채연,,부산광역시 동래구 안락로 64-2 1층(안락동),안락제1동
26260-2023-00024,황금알공인중개사사무소,김덕희,051-553-2222,부산광역시 동래구 반송로 240 1층(안락동),안락제1동
26260-2023-00025,성창공인중개사사무소,백은미,,부산광역시 동래구 중앙대로1367번길 78-3 1층(온천동),온천제2동
26260-2023-00026,오름공인중개사사무소,유승혁,051-501-1533,"부산광역시 동래구 석사로 21 102호(사직동, 오름파크)",사직제1동
26260-2023-00027,토바기부동산공인중개사사무소,박중권,,부산광역시 동래구 아시아드대로195번길 53 1층(사직동),사직제1동
26260-2023-00028,래미안황금탑공인중개사사무소,이주영,,"부산광역시 동래구 충렬대로107번길 65 317동 109호(온천동, 동래래미안아이파크)",온천제2동
26260-2023-00030,동래래미안2단지부동산중개사무소,김귀순,,"부산광역시 동래구 금정마을로 150 225동 105호(온천동, 동래래미안아이파크)",온천제2동
26260-2023-00036,온누리부동산공인중개사사무소,김강빈,,부산광역시 동래구 충렬대로271번길 57 1층(칠산동),복산동
26260-2023-00037,소담공인중개사사무소,이유준,,부산광역시 동래구 명륜로112번길 31 2층(수안동),수민동
26260-2023-00039,전채연부동산공인중개사사무소,전채연,,"부산광역시 동래구 명장로 65 상가1동 105호(명장동, e편한세상동래명장)",명장제1동
26260-2023-00040,정부동산중개사무소,임은정,051-555-4300,"부산광역시 동래구 온천장로107번길 38-7 102호(온천동, 용진스타티스7차)",온천제1동
26260-2023-00041,황금래미안공인중개사사무소,진예원,,부산광역시 동래구 금강로 132-1 1층(온천동),온천제1동
26260-2023-00042,쌍용귀족부동산중개사무소,이향란,051-502-8999,"부산광역시 동래구 아시아드대로146번길 1 201동 107호(사직동, 사직롯데캐슬더클래식)",사직제3동
26260-2023-00043,그레이부동산공인중개사사무소,박미혜,051-866-9666,부산광역시 동래구 아시아드대로247번가길 27 1층(온천동),온천제3동
26260-2023-00046,메가공인중개사사무소,원경희,051-501-0188,"부산광역시 동래구 충렬대로140번길 41 상가동 106호(온천동, 동래대우아파트)",온천제3동
26260-2023-00047,사직자이부동산공인중개사사무소,이은숙,051-505-0678,"부산광역시 동래구 사직로 36 상가동 103호(사직동, 사직자이)",사직제1동
26260-2023-00052,경동부동산공인중개사사무소,지영곤,,"부산광역시 동래구 명서로 177 101호(명장동, 신아연립)",명장제2동
26260-2023-00054,새부산부동산공인중개사사무소,안선홍,,부산광역시 동래구 충렬대로410번길 67 1층(안락동),안락제2동
26260-2023-00055,명성부동산공인중개사사무소,김말숙,051-553-0770,"부산광역시 동래구 중앙대로1473번길 13 103동 118호(온천동, 벽산아스타)",온천제1동
26260-2023-00056,위너공인중개사사무소,김규성,,부산광역시 동래구 충렬대로433번길 34 1층(안락동),안락제2동
26260-2023-00058,복샘부동산공인중개사사무소,주윤식,051-552-1233,부산광역시 동래구 금강로 80 1층(온천동),온천제1동
26260-2023-00059,태경공인중개사사무소,김태경,051-532-6207,부산광역시 동래구 안락로 122 2층(안락동),안락제2동
26260-2023-00060,더샵금오부동산공인중개사사무소,허미숙,,"부산광역시 동래구 금강로74번길 23 101호(온천동, 금오에코팰리스)",온천제1동
26260-2023-00061,금탑부동산공인중개사사무소,현혜주,051-527-0600,"부산광역시 동래구 연안로 74 주상가동 104호(안락동, 안락뜨란채2단지아파트)",안락제2동
26260-2023-00062,힐탑공인중개사사무소,김고은,051-505-3200,부산광역시 동래구 여고로127번길 72 1층(사직동),사직제3동
26260-2023-00063,승부공인중개사사무소,이은우,051-556-2578,부산광역시 동래구 동래로196번길 8-5 2층(칠산동),복산동
26260-2023-00064,온천래미안두꺼비부동산공인중개사사무소,한혜진,,부산광역시 동래구 금강로131번길 1 1층(온천동),온천제1동
26260-2023-00065,부경공인중개사사무소,김수정,051-502-5152,부산광역시 동래구 아시아드대로 153-5 201호(사직동),사직제1동
26260-2023-00066,금조공인중개사사무소,최문석,,"부산광역시 동래구 명륜로 222 209동 A-318호(명륜동, 명륜힐스테이트)",명륜동
26260-2023-00067,금조베스트공인중개사사무소,엄민경,,"부산광역시 동래구 명륜로 222 209동 A-318호(명륜동, 명륜힐스테이트)",명륜동
26260-2023-00068,해동공인중개사사무소,이제선,,"부산광역시 동래구 명서로 182 상가8호동 101호(명장동, 명장경동아파트)",명장제2동
26260-2023-00069,래미안꿀단지공인중개사 사무소,임지연,,부산광역시 동래구 금강로 104 3층(온천동),온천제1동
26260-2023-00070,크라운부동산공인중개사사무소,강구수,051-553-4999,부산광역시 동래구 금강로 125 1층(온천동),온천제1동
26260-2023-00072,리치부동산공인중개사사무소,김재민,,"부산광역시 동래구 충렬대로238번길 37 101호(수안동, 더뷰하우스)",수민동
26260-2023-00073,강남명성공인중개사사무소,허정임,,"부산광역시 동래구 중앙대로1473번길 13 103동 118호(온천동, 벽산아스타)",온천제1동
26260-2023-00076,명성공인중개사사무소,김영태,051-501-3122,부산광역시 동래구 석사로 24-1 1층(사직동),사직제1동
26260-2023-00080,황금부동산공인중개사사무소,김진희,051-523-3300,"부산광역시 동래구 시실로 119 301동 B107호(명장동, 동래동일스위트)",명장제2동
26260-2023-00081,명륜탑부동산공인중개사사무소,최순심,051-553-0505,"부산광역시 동래구 시실로 49 상가127동 비107호(명륜동, 명륜2차아이파크)",명륜동
26260-2023-00082,황금부동산공인중개사사무소,박계향,,부산광역시 동래구 사직북로 42 1층(사직동),사직제1동
26260-2023-00085,현대공인중개사사무소,고명호,051-529-3692,부산광역시 동래구 명안로86번길 8-2 1층(명장동),명장제1동
26260-2023-00087,안락경동부동산공인중개사사무소,이주연,,부산광역시 동래구 온천천로471번길 7 1층(안락동),안락제2동
26260-2023-00090,가든부동산공인중개사사무소,김선숙,,부산광역시 동래구 충렬대로271번길 64 1층(칠산동),복산동
26260-2023-00091,포레나동래부동산중개사무소,유은심,051-555-7005,"부산광역시 동래구 온천천로339번길 51 201동 8호(낙민동, 포레나동래)",수민동
26260-2023-00092,금성공인중개사사무소,장혜주,051-505-5900,"부산광역시 동래구 사직로 80 223동 B110호(사직동, 쌍용예가)",사직제2동
26260-2023-00093,탑부동산공인중개사사무소,이은희,051-555-2238,부산광역시 동래구 중앙대로 1523 A1-42호(온천동),온천제1동
26260-2023-00094,삼성공인중개사사무소,이용권,,부산광역시 동래구 명장로20번길 87 1층(명장동),명장제1동
26260-2023-00095,거대공인중개사사무소,이가현,,"부산광역시 동래구 온천장로65번길 9 108동 205호(온천동, 동래3차SKVIEW)",온천제1동
26260-2023-00097,이소공인중개사사무소,신서현,,부산광역시 동래구 금강로 168 1층(온천동),온천제1동
26260-2023-00098,더스위첸부동산공인중개사사무소,김동화,,부산광역시 동래구 연안로59번길 106 1층(안락동),안락제2동
26260-2023-00101,조양공인중개사사무소,조용배,051-523-8330,"부산광역시 동래구 반송로273번길 2 상가112호(명장동, 조양아파트)",명장제2동
26260-2023-00103,동래더샵탑부동산중개사무소,김태욱,,"부산광역시 동래구 온천장로 38 501동 103호(온천동, 동래더샵)",온천제1동
26260-2023-00104,The신호부동산중개,이은미,051-923-9133,부산광역시 동래구 금강로 128 1층(온천동),온천제1동
26260-2023-00105,큰숲공인중개사사무소,이경진,051-504-4700,부산광역시 동래구 아시아드대로 145 1층(사직동),사직제1동
26260-2023-00106,미담공인중개사사무소,홍윤희,051-526-2224,부산광역시 동래구 명안로63번길 51 1층(명장동),명장제1동
26260-2023-00108,레이명품부동산공인중개사사무소,김경림,051-507-3577,부산광역시 동래구 석사로 20 1층(사직동),사직제1동
26260-2023-00109,신호부동산중개,김학봉,051-923-9133,부산광역시 동래구 금강로 128 1층(온천동),온천제1동
26260-2023-00113,명륜힐스트라디움부동산중개사무소,공시연,051-557-0091,"부산광역시 동래구 동래로57번길 94 219동 1-6호(명륜동, 힐스테이트명륜트라디움)",명륜동
26260-2024-00001,래미안IPARK왕후부동산중개사무소,김나리,051-556-6696,"부산광역시 동래구 충렬대로107번길 65 317동 106호(온천동, 동래래미안아이파크)",온천제2동
26260-2024-00002,왕후부동산중개사무소,이유진,051-556-6696,"부산광역시 동래구 충렬대로107번길 65 317동 106호(온천동, 동래래미안아이파크)",온천제2동
26260-2024-00003,킹덤부동산중개사무소,서연정,051-557-1158,"부산광역시 동래구 충렬대로107번길 65 317동 103호(온천동, 동래래미안아이파크)",온천제2동
26260-2024-00005,동래스마일공인중개사사무소,김형수,051-521-0112,부산광역시 동래구 안락로 64-2 1층(안락동),안락제1동
26260-2024-00006,e편한세상골드부동산공인중개사사무소,김광현,051-525-3337,"부산광역시 동래구 명장로 65 상가1동 102호(명장동, e편한세상동래명장)",명장제1동
26260-2024-00007,화림부동산중개,신혜경,,부산광역시 동래구 금강로 168 1층(온천동),온천제1동
26260-2024-00008,뉴소담공인중개사사무소,정건영,,부산광역시 동래구 명륜로112번길 31 2층(수안동),수민동
26260-2024-00009,우리래미안뉴공인중개사사무소,김인숙,051-993-2401,부산광역시 동래구 금강로 130 1층(온천동),온천제1동
26260-2024-00010,금샘래미안공인중개사사무소,박미정,051-553-4963,부산광역시 동래구 금강로 119-1 1층(온천동),온천제1동
26260-2024-00011,그레이공인중개사사무소,이주상,,부산광역시 동래구 아시아드대로247번가길 27 1층(온천동),온천제3동
26260-2024-00012,바로부동산공인중개사사무소,최영임,,부산광역시 동래구 충렬대로146번길 18 101호(온천동),온천제3동
26260-2024-00013,JK부동산중개,곽지훈,,부산광역시 동래구 동래로 7-9 101호(온천동),온천제1동
26260-2024-00014,래미안행복한부동산공인중개사사무소,석진희,,"부산광역시 동래구 충렬대로107번길 65 316동 103호(온천동, 동래래미안아이파크)",온천제2동
26260-2024-00016,이루다부동산중개,박진성,,부산광역시 동래구 화현길 19 2층(안락동),안락제2동
26260-2024-00017,부산예담공인중개사사무소,안영남,,부산광역시 동래구 동래로 7 3층(온천동),온천제1동
26260-2024-00018,영웅시대공인중개사사무소,이원영,,부산광역시 동래구 복천로 4 2층(복천동),복산동
26260-2024-00020,이음공인중개사사무소,김태흥,051-867-7282,부산광역시 동래구 사직북로19번길 3 5층(사직동),사직제2동
26260-2024-00021,더이음공인중개사사무소,김영훈,,부산광역시 동래구 사직북로19번길 3 5층(사직동),사직제2동
26260-2024-00023,금손공인중개사사무소,이서현,051-556-3999,부산광역시 동래구 금강로 151 1층(온천동),온천제1동
26260-2024-00024,래미안금손공인중개사사무소,김정윤,051-558-1333,부산광역시 동래구 금강로 151 1층(온천동),온천제1동
26260-2024-00025,새로이공인중개사사무소,김민희,,부산광역시 동래구 동래로179번길 2 1층(칠산동),복산동
26260-2024-00026,리센티아사직공인중개사사무소,정윤숙,,"부산광역시 동래구 아시아드대로208번길 9 102호(온천동, 강남럭스빌)",온천제3동
26260-2024-00027,파크부동산공인중개사사무소,채석윤,051-556-2220,부산광역시 동래구 금강로 166-1 1층(온천동),온천제1동
26260-2024-00028,대한부동산공인중개사사무소,유해수,051-525-2446,부산광역시 동래구 명안로85번길 37 1층(명장동),명장제1동
26260-2024-00029,동남부동산중개사무소,이일환,,부산광역시 동래구 아시아드대로220번길 4 1층(온천동),온천제3동
26260-2024-00030,래미안포레스티지부동산공인중개사사무소,김현영,051-554-7100,부산광역시 동래구 금강공원로 51-1 1층(온천동),온천제1동
26260-2024-00032,삼성래미안포레스티지부동산중개,최동학,051-557-8883,부산광역시 동래구 금강로 121 1층(온천동),온천제1동
26260-2024-00033,아세아공인중개사사무소,주민지,,부산광역시 동래구 충렬대로 309 1층(안락동),안락제1동
26260-2024-00036,뉴명륜힐스부동산중개,윤경란,,"부산광역시 동래구 명륜로 222 209동 A-105호(명륜동, 명륜동힐스테이트)",명륜동
26260-2024-00038,수안부동산공인중개사사무소,허미현,051-554-4989,부산광역시 동래구 온천천로337번길 72-1 1층(수안동),수민동
26260-2024-00039,힘찬부동산공인중개사사무소,전민아,051-558-4549,부산광역시 동래구 온천장로125번길 69 1층(온천동),온천제1동
26260-2024-00041,바른부동산공인중개사사무소,김설리,051-710-6435,부산광역시 동래구 우장춘로4번길 10 1층(온천동),온천제2동
26260-2024-00043,홈즈부동산공인중개사사무소,양선이,051-715-4885,부산광역시 동래구 충렬대로182번길 11 3층(명륜동),명륜동
26260-2024-00044,짱짱부동산중개,박신우,,부산광역시 동래구 석사북로 33 1층(사직동),사직제1동
26260-2024-00046,아스타공인중개사사무소,박정화,,"부산광역시 동래구 중앙대로1473번길 13 103동 115호(온천동, 벽산아스타)",온천제1동
26260-2024-00047,대광부동산공인중개사사무소,최락희,,부산광역시 동래구 아시아드대로247번길 18 1층(온천동),온천제3동
26260-2024-00048,명가공인중개사사무소,김희정,,"부산광역시 동래구 금강로 160-1 상가101호(온천동, 성완아이렉스)",온천제1동
26260-2024-00049,명가부동산공인중개사사무소,유송현,,"부산광역시 동래구 금강로 160-1 상가101호(온천동, 성완아이렉스)",온천제1동
26260-2024-00050,팔팔래미안포레스티지공인중개사사무소,이순희,,부산광역시 동래구 금강공원로 43 1층(온천동),온천제1동
26260-2024-00051,래미안포레스티지팔팔부동산중개,김계임,,부산광역시 동래구 금강공원로 43 1층(온천동),온천제1동
26260-2024-00053,팔팔래미안공인중개사사무소,하수정,,부산광역시 동래구 금강공원로 43 1층(온천동),온천제1동
26260-2024-00054,래미안the팔팔공인중개사사무소,이영숙,,부산광역시 동래구 금강공원로 43 1층(온천동),온천제1동
26260-2024-00055,만평공인중개사사무소,현상호,,부산광역시 동래구 명륜로 47 1층(수안동),수민동
26260-2024-00056,온천봄봄부동산공인중개사사무소,허영주,051-507-7660,"부산광역시 동래구 금강로 160-1 상가102호(온천동, 성완아이렉스)",온천제1동
26260-2024-00057,드파인공인중개사사무소,전민석,051-526-1119,"부산광역시 동래구 충렬대로 368 상가동 103호(안락동, 롯데캐슬애브뉴)",안락제1동
26260-2024-00058,온천봄봄공인중개사사무소,김재무,051-503-0119,"부산광역시 동래구 금강로 160-1 상가102호(온천동, 성완아이렉스)",온천제1동
26260-2024-00059,항도부동산중개,성선희,051-554-7988,부산광역시 동래구 명륜로112번길 118 1층(칠산동),복산동
26260-2024-00060,HASSET왕후부동산중개,현은경,,"부산광역시 동래구 충렬대로107번길 65 317동 106호(온천동, 동래래미안아이파크)",온천제2동
26260-2024-00061,예담부동산공인중개사사무소,옥균아,,부산광역시 동래구 동래로 7 3층(온천동),온천제1동
26260-2024-00062,The예담공인중개사사무소,안은주,,부산광역시 동래구 동래로 7 3층(온천동),온천제1동
26260-2024-00063,요부동산공인중개사사무소,최명열,051-791-0094,"부산광역시 동래구 명륜로139번길 22 108동 102호(명륜동, 명륜자이)",명륜동
26260-2024-00065,래미안미소공인중개사사무소,하정현,,부산광역시 동래구 금강로 121 1층(온천동),온천제1동
26260-2024-00066,래미안금샘공인중개사사무소,이승주,,부산광역시 동래구 금강로 119-1 1층(온천동),온천제1동
26260-2024-00067,래미안숲부동산중개,김희경,,부산광역시 동래구 금강로 121 1층(온천동),온천제1동
26260-2024-00068,올리브공인중개사사무소,장영순,051-557-9920,부산광역시 동래구 온천장로 94 1층(온천동),온천제1동
26260-2024-00069,래미안명당부동산공인중개사사무소,최지우,,부산광역시 동래구 금강로131번길 5 1층(온천동),온천제1동
26260-2024-00070,래미안부자공인중개사사무소,최지연,,부산광역시 동래구 금강로131번길 5 1층(온천동),온천제1동
26260-2024-00071,래미안별부동산공인중개사사무소,이혁진,,부산광역시 동래구 금강로131번길 5 1층(온천동),온천제1동
26260-2024-00072,다인부동산공인중개사사무소,김서우,,부산광역시 동래구 금강로 174 101호(온천동),온천제1동
26260-2024-00073,다인부동산중개사무소,김진우,,부산광역시 동래구 금강로 174 101호(온천동),온천제1동
26260-2024-00074,사직삼정공인중개사사무소,이상철,,부산광역시 동래구 사직로 8 202동 102호(사직동),사직제1동
26260-2024-00075,정도공인중개사사무소,고상환,,부산광역시 동래구 석사로17번길 42 1층(사직동),사직제1동
26260-2024-00076,모든래미안공인중개사사무소,최정화,051-558-5893,"부산광역시 동래구 금정마을로 147 115동 105호(온천동, 동래래미안아이파크)",온천제2동
26260-2024-00077,대원공인중개사사무소,장병도,051-559-5800,부산광역시 동래구 중앙대로 1523 B5-03호(온천동),온천제1동
26260-2024-00078,화림부동산공인중개사사무소,김경진,,부산광역시 동래구 금강로 168 1층(온천동),온천제1동
26260-2024-00079,삼성명가부동산공인중개사사무소,최정화,,부산광역시 동래구 온천장로119번길 51 1층(온천동),온천제1동
26260-2024-00080,삼성명가공인중개사사무소,박지안,,부산광역시 동래구 온천장로119번길 51 1층(온천동),온천제1동
26260-2024-00081,동일부동산공인중개사사무소,김승주,,부산광역시 동래구 시실로 119 301동 B106호,명장제2동
26260-2024-00082,허브스카이부동산공인중개사사무소,이은영,,부산광역시 동래구 중앙대로 1523 A1-40호,온천제1동
26260-2024-00083,래미안금화공인중개사사무소,장은선,,부산광역시 동래구 금강로 161 (온천동),온천제1동
26260-2024-00084,동래아2단지상가부동산중개사무소,김서영,051-555-2224,"부산광역시 동래구 금정마을로 150 225동 105호(온천동, 동래래미안아이파크)",온천제2동
26260-2024-00085,더좋은공인중개사사무소,오명자,,부산광역시 동래구 문화로 9 1층(명륜동),명륜동
26260-2024-00086,가든부동산공인중개사사무소,곽정희,051-558-1113,부산광역시 동래구 온천장로119번길 51 1층(온천동),온천제1동
26260-2024-00087,참공인중개사사무소,서영숙,051-556-3678,부산광역시 동래구 온천장로125번길 59 1층(온천동),온천제1동
26260-2024-00088,자우부동산중개사무소,김영호,,부산광역시 동래구 명륜로 65 3층(수안동),수민동
26260-2024-00089,아이존빌부동산공인중개사사무소,장예주,051-523-4949,"부산광역시 동래구 충렬대로428번길 49 105동 103호(안락동, 동부산아이존빌아파트)",안락제2동
26260-2024-00090,온천래미안포레스티지공인중개사사무소,김선향,,부산광역시 동래구 우장춘로4번길 10 1층(온천동),온천제2동
26260-2024-00091,한강래미안공인중개사사무소,한성호,,부산광역시 동래구 금강로 119-1 1층(온천동),온천제1동
26260-2024-00092,굿모닝포레나공인중개사사무소,김현희,051-528-0037,"부산광역시 동래구 온천천로339번길 51 202동 11호(낙민동, 포레나동래)",수민동
26260-2024-00093,래미안114부동산공인중개사사무소,이향미,,부산광역시 동래구 온천장로 66 1층(온천동),온천제1동
26260-2024-00094,명륜1번가부동산공인중개사사무소,윤상미,051-557-8887,부산광역시 동래구 명륜로139번길 22 108동 101호,명륜동
26260-2024-00095,The정직한부동산공인중개사사무소,정성한,,부산광역시 동래구 안락로 13 3층(안락동),안락제1동
26260-2024-00096,골드부동산공인중개사사무소,손옥미,,부산광역시 동래구 복천로5번길 14 101호(복천동),복산동
26260-2024-00097,e편한부동산공인중개사사무소,박종희,,"부산광역시 동래구 명장로 65 상가1동 106호(명장동, e편한세상동래명장)",명장제1동
26260-2024-00098,힘찬공인중개사사무소,박미영,,부산광역시 동래구 온천장로125번길 69 1층(온천동),온천제1동
26260-2024-00099,래미안포레스티지대박부동산중개,김숙임,,부산광역시 동래구 금강로 144 1층(온천동),온천제1동
26260-2024-00100,뉴화림부동산공인중개사사무소,이정아,051-555-9982,부산광역시 동래구 금강로 168 1층(온천동),온천제1동
26260-2024-00101,부자공인중개사사무소,조보경,,부산광역시 동래구 온천장로 9 지하1층(온천동),온천제1동
26260-2024-00102,베스트삼정공인중개사사무소,양상진,,부산광역시 동래구 사직로 8 202동 102호(사직동),사직제1동
26260-2024-00103,옥토부동산중개,조현제,,부산광역시 동래구 온천장로 9 지하1층(온천동),온천제1동
26260-2024-00104,스카이부동산공인중개사사무소,문주현,,"부산광역시 동래구 연안로 71 상가동 102호(안락동, 안락뜨란채1단지아파트)",안락제2동
26260-2024-00105,온천래미안공인중개사사무소,서용혜,,부산광역시 동래구 금강로 119-1 1층(온천동),온천제1동
26260-2024-00106,리더스경매공인중개사사무소,정성기,,부산광역시 동래구 중앙대로 1523 B5-04호(온천동),온천제1동
26260-2024-00107,프로부동산공인중개사사무소,남윤경,,"부산광역시 동래구 온천장로65번길 9 근린생활시설동 142호(온천동, 동래3차SKVIEW)",온천제1동
26260-2024-00108,공인중개사사무소 리안부동산,최문기,051-201-0302,부산광역시 동래구 온천천로 179-1 4층(명륜동),명륜동
26260-2024-00109,드림공인중개사사무소,김선희,,"부산광역시 동래구 사직북로48번길 77 403동 106호(사직동, 사직하늘채리센티아)",사직제1동
26260-2024-00110,명륜부동산공인중개사사무소,김경수,051-557-8900,부산광역시 동래구 명륜로187번길 47 상가동 102호(명륜동),명륜동
26260-2016-00186,주식회사우주부동산중개,이영준,,부산광역시 동래구 충렬대로 236 (수안동),수민동
26260-2023-00110,주식회사이레디엔씨부동산중개법인,이대길,,부산광역시 동래구 사직북로 41 3층(사직동),사직제2동
26260-2020-00235,반도부동산중개법인주식회사,이정란,051-506-4006,부산광역시 동래구 아시아드대로231번길 17 (온천동),온천제3동
26260-2016-00203,(주)바다부동산중개,김권,051-557-5200,부산광역시 동래구 명륜로98번길 34 2층 (수안동),수민동
26260-2021-00150,도울부동산중개법인,박수빈,051-507-7774,부산광역시 동래구 사직북로 61 1층(사직동),사직제2동
26260-2022-00043,주식회사 이화부동산중개법인,유윤상,,"부산광역시 동래구 연안로59번길 30 101호(안락동, 모스트빌)",안락제2동
26260-2021-00070,성광디앤씨부동산중개법인,이영한,051-556-2227,부산광역시 동래구 명륜로217번길 1 1층(명륜동),명륜동
